Index	FileName	ScanNum	FeatureIndex	RetentionTime	MassCountInSpec	AverageMass	MonoisotopicMass	SumIntensity	MinCharge	MaxCharge	PeakCount	PrecursorScanNum	PrecursorFeatureIndex	PrecursorMz	PrecursorIntensity	PrecursorCharge	PrecursorSNR	PrecursorMonoisotopicMass	PrecursorQscore	PrecursorQscore2D	IsotopeCosine	ChargeCosine	ChargeScore	MassSNR	ChargeSNR	AveragePPMError	RepresentativeCharge	RepresentativeMzStart	RepresentativeMzEnd	Qscore	Qscore2D	
1	../workspaces-FLASHApp/default/flashtnt/input-files/mzML-files/example_spectrum_antibody.mzML	1	nan	0.008309	242	514.528772	514.239544	3849.89	1	1	16	0	nan	4250.000000	0	0	nan	nan	nan	nan	1.00017	1.00017	1	2.89209	2.89209	0.837797	1	515.244019	517.255222	0.945270	0.945270
2	../workspaces-FLASHApp/default/flashtnt/input-files/mzML-files/example_spectrum_antibody.mzML	1	nan	0.008309	242	522.531577	522.242349	7144.97	1	1	17	0	nan	4250.000000	0	0	nan	nan	nan	nan	0.999603	0.999603	1	3.21959	3.21959	0.520177	1	523.246434	525.257611	0.948362	0.948362
3	../workspaces-FLASHApp/default/flashtnt/input-files/mzML-files/example_spectrum_antibody.mzML	1	nan	0.008309	242	585.672286	585.349927	2973.44	1	1	16	0	nan	4250.000000	0	0	nan	nan	nan	nan	1.00133	1.00133	1	3.18852	3.18852	0.415192	1	586.353853	588.365866	0.950959	0.950959
4	../workspaces-FLASHApp/default/flashtnt/input-files/mzML-files/example_spectrum_antibody.mzML	1	nan	0.008309	242	600.629025	600.275668	358.879	1	1	11	0	nan	4250.000000	0	0	nan	nan	nan	nan	0.996414	0.996414	1	10.7708	10.7708	0.315665	1	601.278480	602.288512	0.955796	0.955796
5	../workspaces-FLASHApp/default/flashtnt/input-files/mzML-files/example_spectrum_antibody.mzML	1	nan	0.008309	242	607.684736	607.331379	3792.56	1	1	15	0	nan	4250.000000	0	0	nan	nan	nan	nan	0.999246	0.999246	1	3.04653	3.04653	0.409673	1	608.334880	610.346740	0.948601	0.948601
6	../workspaces-FLASHApp/default/flashtnt/input-files/mzML-files/example_spectrum_antibody.mzML	1	nan	0.008309	242	629.721653	629.354384	3650.36	1	1	16	0	nan	4250.000000	0	0	nan	nan	nan	nan	0.999558	0.999558	1	3.34652	3.34652	0.373907	1	630.357686	632.370492	0.949881	0.949881
7	../workspaces-FLASHApp/default/flashtnt/input-files/mzML-files/example_spectrum_antibody.mzML	1	nan	0.008309	242	643.663549	643.282191	4218	1	1	17	0	nan	4250.000000	0	0	nan	nan	nan	nan	0.99929	0.99929	1	3.43139	3.43139	0.413112	1	644.285629	646.299321	0.949441	0.949441
8	../workspaces-FLASHApp/default/flashtnt/input-files/mzML-files/example_spectrum_antibody.mzML	1	nan	0.008309	242	697.772414	697.365417	2430.36	1	1	14	0	nan	4250.000000	0	0	nan	nan	nan	nan	0.998545	0.998545	1	3.25489	3.25489	0.72506	1	698.367978	700.381266	0.945433	0.945433
9	../workspaces-FLASHApp/default/flashtnt/input-files/mzML-files/example_spectrum_antibody.mzML	1	nan	0.008309	242	714.812656	714.391730	4668.18	1	1	18	0	nan	4250.000000	0	0	nan	nan	nan	nan	0.996805	0.996805	1	2.49929	2.49929	1.42579	1	715.394647	718.405890	0.934031	0.934031
10	../workspaces-FLASHApp/default/flashtnt/input-files/mzML-files/example_spectrum_antibody.mzML	1	nan	0.008309	242	736.794224	736.373298	5762.21	1	1	15	0	nan	4250.000000	0	0	nan	nan	nan	nan	0.998767	0.998767	1	3.13541	3.13541	0.424592	1	737.375127	739.390263	0.948173	0.948173
11	../workspaces-FLASHApp/default/flashtnt/input-files/mzML-files/example_spectrum_antibody.mzML	1	nan	0.008309	242	739.772235	739.339684	1325.04	1	1	14	0	nan	4250.000000	0	0	nan	nan	nan	nan	0.998971	0.998971	1	3.3586	3.3586	0.257916	1	740.342405	742.355335	0.950329	0.950329
12	../workspaces-FLASHApp/default/flashtnt/input-files/mzML-files/example_spectrum_antibody.mzML	1	nan	0.008309	242	747.786119	747.353569	2264.01	1	1	15	0	nan	4250.000000	0	0	nan	nan	nan	nan	0.980851	0.980851	1	2.45394	2.45394	0.63883	1	748.356229	751.373009	0.921029	0.921029
13	../workspaces-FLASHApp/default/flashtnt/input-files/mzML-files/example_spectrum_antibody.mzML	1	nan	0.008309	242	756.798213	756.365662	4149.13	1	1	15	0	nan	4250.000000	0	0	nan	nan	nan	nan	0.998372	0.998372	1	3.38588	3.38588	0.843646	1	757.367628	759.383438	0.944408	0.944408
14	../workspaces-FLASHApp/default/flashtnt/input-files/mzML-files/example_spectrum_antibody.mzML	1	nan	0.008309	242	772.877854	772.433594	2742.52	1	1	15	0	nan	4250.000000	0	0	nan	nan	nan	nan	0.997793	0.997793	1	3.42973	3.42973	0.909961	1	773.436436	775.450204	0.943216	0.943216
15	../workspaces-FLASHApp/default/flashtnt/input-files/mzML-files/example_spectrum_antibody.mzML	1	nan	0.008309	242	801.892685	801.423677	1989.86	1	1	9	0	nan	4250.000000	0	0	nan	nan	nan	nan	0.990052	0.990052	1	0.844501	0.844501	0.152512	1	802.425735	803.437427	0.932222	0.932222
16	../workspaces-FLASHApp/default/flashtnt/input-files/mzML-files/example_spectrum_antibody.mzML	1	nan	0.008309	242	838.958412	838.466325	1963.19	1	1	14	0	nan	4250.000000	0	0	nan	nan	nan	nan	0.916944	0.916944	1	2.27815	2.27815	0.711491	1	839.467793	841.481604	0.748037	0.748037
17	../workspaces-FLASHApp/default/flashtnt/input-files/mzML-files/example_spectrum_antibody.mzML	1	nan	0.008309	242	858.937100	858.445013	1951.11	1	1	15	0	nan	4250.000000	0	0	nan	nan	nan	nan	0.997701	0.997701	1	3.76779	3.76779	0.483955	1	859.446430	861.463640	0.947849	0.947849
18	../workspaces-FLASHApp/default/flashtnt/input-files/mzML-files/example_spectrum_antibody.mzML	1	nan	0.008309	242	881.980082	881.472382	20135.2	1	1	20	0	nan	4250.000000	0	0	nan	nan	nan	nan	0.999198	0.999198	1	3.89991	3.89991	0.508566	1	882.473630	885.493503	0.949415	0.949415
19	../workspaces-FLASHApp/default/flashtnt/input-files/mzML-files/example_spectrum_antibody.mzML	1	nan	0.008309	242	884.932060	884.424359	2578.86	1	1	15	0	nan	4250.000000	0	0	nan	nan	nan	nan	0.996906	0.996906	1	3.68838	3.68838	0.744275	1	885.424768	887.443266	0.944404	0.944404
20	../workspaces-FLASHApp/default/flashtnt/input-files/mzML-files/example_spectrum_antibody.mzML	1	nan	0.008309	242	901.009388	900.490301	1012.19	1	1	11	0	nan	4250.000000	0	0	nan	nan	nan	nan	0.947759	0.947759	1	1.4615	1.4615	1.45068	1	901.491935	903.507687	0.824529	0.824529
21	../workspaces-FLASHApp/default/flashtnt/input-files/mzML-files/example_spectrum_antibody.mzML	1	nan	0.008309	242	906.925657	906.406570	566.556	1	1	10	0	nan	4250.000000	0	0	nan	nan	nan	nan	0.981605	0.981605	1	1.54063	1.54063	0.187986	1	907.407174	908.422513	0.923948	0.923948
22	../workspaces-FLASHApp/default/flashtnt/input-files/mzML-files/example_spectrum_antibody.mzML	1	nan	0.008309	242	924.015327	923.484778	965.641	1	1	15	0	nan	4250.000000	0	0	nan	nan	nan	nan	0.946465	0.946465	1	1.42229	1.42229	1.37185	1	924.485684	927.502848	0.822230	0.822230
23	../workspaces-FLASHApp/default/flashtnt/input-files/mzML-files/example_spectrum_antibody.mzML	1	nan	0.008309	242	937.979393	937.448843	2451.38	1	1	14	0	nan	4250.000000	0	0	nan	nan	nan	nan	0.989405	0.989405	1	2.66093	2.66093	1.77902	1	938.451014	941.468346	0.919700	0.919700
24	../workspaces-FLASHApp/default/flashtnt/input-files/mzML-files/example_spectrum_antibody.mzML	1	nan	0.008309	242	969.061333	968.504116	6018.59	1	1	17	0	nan	4250.000000	0	0	nan	nan	nan	nan	0.999957	0.999957	1	3.75063	3.75063	0.368122	1	969.506422	972.523828	0.951112	0.951112
25	../workspaces-FLASHApp/default/flashtnt/input-files/mzML-files/example_spectrum_antibody.mzML	1	nan	0.008309	242	995.038595	994.470039	3247.84	1	1	13	0	nan	4250.000000	0	0	nan	nan	nan	nan	0.995391	0.995391	1	3.75445	3.75445	0.81747	1	995.470559	997.488456	0.942119	0.942119
26	../workspaces-FLASHApp/default/flashtnt/input-files/mzML-files/example_spectrum_antibody.mzML	1	nan	0.008309	242	1000.096515	999.527960	2537.15	1	1	18	0	nan	4250.000000	0	0	nan	nan	nan	nan	0.958661	0.958661	1	2.52558	2.52558	1.14428	1	1000.528702	1003.548940	0.869950	0.869950
27	../workspaces-FLASHApp/default/flashtnt/input-files/mzML-files/example_spectrum_antibody.mzML	1	nan	0.008309	242	1024.151427	1023.559088	1760.85	1	1	14	0	nan	4250.000000	0	0	nan	nan	nan	nan	0.900081	0.900081	1	1.6018	1.6018	1.66564	1	1024.561394	1027.577906	0.625935	0.625935
28	../workspaces-FLASHApp/default/flashtnt/input-files/mzML-files/example_spectrum_antibody.mzML	1	nan	0.008309	242	1051.150235	1050.546786	565.655	2	2	17	0	nan	4250.000000	0	0	nan	nan	nan	nan	0.989963	0.989963	1	0.270797	18.8766	0.294562	2	526.276856	527.286149	0.910055	0.910055
29	../workspaces-FLASHApp/default/flashtnt/input-files/mzML-files/example_spectrum_antibody.mzML	1	nan	0.008309	242	1053.081207	1052.477758	503.314	1	1	10	0	nan	4250.000000	0	0	nan	nan	nan	nan	0.986621	0.986621	1	2.60957	2.60957	0.0627457	1	1053.477043	1054.495460	0.936541	0.936541
30	../workspaces-FLASHApp/default/flashtnt/input-files/mzML-files/example_spectrum_antibody.mzML	1	nan	0.008309	242	1068.187177	1067.572548	9768.81	1	1	17	0	nan	4250.000000	0	0	nan	nan	nan	nan	0.999304	0.999304	1	3.54138	3.54138	0.884591	1	1068.574165	1071.591750	0.945379	0.945379
31	../workspaces-FLASHApp/default/flashtnt/input-files/mzML-files/example_spectrum_antibody.mzML	1	nan	0.008309	242	1155.277570	1154.605096	6074.87	1	1	16	0	nan	4250.000000	0	0	nan	nan	nan	nan	0.997528	0.997528	1	3.33367	3.33367	1.07802	1	1155.605983	1158.625716	0.941007	0.941007
32	../workspaces-FLASHApp/default/flashtnt/input-files/mzML-files/example_spectrum_antibody.mzML	1	nan	0.008309	242	1168.301250	1167.614525	3484.18	1	1	16	0	nan	4250.000000	0	0	nan	nan	nan	nan	0.98311	0.98311	1	4.02693	4.02693	0.654187	1	1168.613208	1171.636548	0.929017	0.929017
33	../workspaces-FLASHApp/default/flashtnt/input-files/mzML-files/example_spectrum_antibody.mzML	1	nan	0.008309	242	1185.327402	1184.640677	1962.94	1	1	11	0	nan	4250.000000	0	0	nan	nan	nan	nan	0.98975	0.98975	1	2.51889	2.51889	1.06406	1	1185.641946	1187.658347	0.928854	0.928854
34	../workspaces-FLASHApp/default/flashtnt/input-files/mzML-files/example_spectrum_antibody.mzML	1	nan	0.008309	242	1207.322966	1206.622346	5263.33	1	1	19	0	nan	4250.000000	0	0	nan	nan	nan	nan	0.997394	0.997394	1	2.99828	2.99828	0.864013	1	1207.620613	1211.646422	0.942177	0.942177
35	../workspaces-FLASHApp/default/flashtnt/input-files/mzML-files/example_spectrum_antibody.mzML	1	nan	0.008309	242	1212.327528	1211.626907	18353.3	1	1	20	0	nan	4250.000000	0	0	nan	nan	nan	nan	0.998825	0.998825	1	3.4345	3.4345	1.1309	1	1212.627228	1216.652958	0.942212	0.942212
36	../workspaces-FLASHApp/default/flashtnt/input-files/mzML-files/example_spectrum_antibody.mzML	1	nan	0.008309	242	1396.607734	1395.713093	6252.73	1	1	14	0	nan	4250.000000	0	0	nan	nan	nan	nan	0.986758	0.986758	1	3.27855	3.27855	0.721763	1	1396.710793	1399.736203	0.931232	0.931232
37	../workspaces-FLASHApp/default/flashtnt/input-files/mzML-files/example_spectrum_antibody.mzML	1	nan	0.008309	242	1501.685545	1500.732940	2456.19	1	2	26	0	nan	4250.000000	0	0	nan	nan	nan	nan	0.922354	0.945138	1	0.347457	3.36559	1.18103	2	751.368125	751.878801	0.709654	0.709654
38	../workspaces-FLASHApp/default/flashtnt/input-files/mzML-files/example_spectrum_antibody.mzML	1	nan	0.008309	242	1521.731866	1520.766100	3988.53	1	1	16	0	nan	4250.000000	0	0	nan	nan	nan	nan	0.894216	0.894216	1	0.527664	0.527663	0.476086	1	1521.763417	1525.790752	0.624676	0.624676
39	../workspaces-FLASHApp/default/flashtnt/input-files/mzML-files/example_spectrum_antibody.mzML	1	nan	0.008309	242	1521.832673	1520.866906	3226.8	1	1	15	0	nan	4250.000000	0	0	nan	nan	nan	nan	0.871252	0.871252	1	0.472901	0.472901	0.879674	1	1521.869010	1525.889697	0.486311	0.486311
40	../workspaces-FLASHApp/default/flashtnt/input-files/mzML-files/example_spectrum_antibody.mzML	1	nan	0.008309	242	1567.795966	1566.782561	7439.44	1	1	19	0	nan	4250.000000	0	0	nan	nan	nan	nan	0.88194	0.88194	1	0.59791	0.59791	0.751473	1	1567.782879	1572.815071	0.552064	0.552064
41	../workspaces-FLASHApp/default/flashtnt/input-files/mzML-files/example_spectrum_antibody.mzML	1	nan	0.008309	242	1567.915100	1566.901695	6604.3	1	1	23	0	nan	4250.000000	0	0	nan	nan	nan	nan	0.890969	0.890969	1	0.468815	0.468815	1.46546	1	1567.900659	1572.933419	0.562732	0.562732
42	../workspaces-FLASHApp/default/flashtnt/input-files/mzML-files/example_spectrum_antibody.mzML	1	nan	0.008309	242	1603.800548	1602.773245	2808	2	2	15	0	nan	4250.000000	0	0	nan	nan	nan	nan	0.987142	0.987142	1	2.41301	2.41301	0.542742	2	802.388003	803.402323	0.931131	0.931131
43	../workspaces-FLASHApp/default/flashtnt/input-files/mzML-files/example_spectrum_antibody.mzML	1	nan	0.008309	242	1646.851511	1645.798100	5434.29	1	2	36	0	nan	4250.000000	0	0	nan	nan	nan	nan	0.87633	0.667743	1	0.207415	0.967081	2.27824	2	823.900330	826.415848	0.356019	0.356019
44	../workspaces-FLASHApp/default/flashtnt/input-files/mzML-files/example_spectrum_antibody.mzML	1	nan	0.008309	242	1698.939671	1697.849197	9111.75	1	1	20	0	nan	4250.000000	0	0	nan	nan	nan	nan	0.884535	0.884535	1	1.17462	1.17462	0.463991	1	1698.850112	1703.876222	0.592492	0.592492
45	../workspaces-FLASHApp/default/flashtnt/input-files/mzML-files/example_spectrum_antibody.mzML	1	nan	0.008309	242	1771.983681	1770.853523	6882.91	1	2	28	0	nan	4250.000000	0	0	nan	nan	nan	nan	0.859187	0.730997	1	0.197978	1.68424	0.97658	2	886.428461	887.443266	0.349892	0.349892
46	../workspaces-FLASHApp/default/flashtnt/input-files/mzML-files/example_spectrum_antibody.mzML	1	nan	0.008309	242	1790.015073	1788.873165	3389.16	2	2	18	0	nan	4250.000000	0	0	nan	nan	nan	nan	0.926974	0.926974	1	0.0263888	5.42192	0.652932	2	895.437327	896.951618	0.721579	0.721579
47	../workspaces-FLASHApp/default/flashtnt/input-files/mzML-files/example_spectrum_antibody.mzML	1	nan	0.008309	242	1807.046674	1805.904766	661.278	2	2	14	0	nan	4250.000000	0	0	nan	nan	nan	nan	0.975656	0.975656	1	3.45643	3.45643	0.726377	2	903.952253	904.968254	0.915204	0.915204
48	../workspaces-FLASHApp/default/flashtnt/input-files/mzML-files/example_spectrum_antibody.mzML	1	nan	0.008309	242	1868.122828	1866.941468	12806.9	1	1	21	0	nan	4250.000000	0	0	nan	nan	nan	nan	0.921372	0.921372	1	0.861962	0.861962	0.971488	1	1867.941880	1873.968229	0.736404	0.736404
49	../workspaces-FLASHApp/default/flashtnt/input-files/mzML-files/example_spectrum_antibody.mzML	1	nan	0.008309	242	1903.185096	1901.992051	1338.6	2	2	22	0	nan	4250.000000	0	0	nan	nan	nan	nan	0.985926	0.985926	1	0.0806848	4.25599	1.05226	2	951.996368	954.509085	0.895550	0.895550
50	../workspaces-FLASHApp/default/flashtnt/input-files/mzML-files/example_spectrum_antibody.mzML	1	nan	0.008309	242	1946.204030	1944.974519	9363.72	1	2	44	0	nan	4250.000000	0	0	nan	nan	nan	nan	0.900881	0.859316	1	1.55574	3.42586	0.909022	2	973.488340	975.504761	0.637093	0.637093
51	../workspaces-FLASHApp/default/flashtnt/input-files/mzML-files/example_spectrum_antibody.mzML	1	nan	0.008309	242	1948.551137	1947.321626	2906.52	1	1	15	0	nan	4250.000000	0	0	nan	nan	nan	nan	0.920258	0.920258	1	0.344177	0.344177	1.00382	1	1948.322273	1952.346291	0.718438	0.718438
52	../workspaces-FLASHApp/default/flashtnt/input-files/mzML-files/example_spectrum_antibody.mzML	1	nan	0.008309	242	1965.555584	1964.314455	3476.74	1	1	18	0	nan	4250.000000	0	0	nan	nan	nan	nan	0.857967	0.857967	1	0.293288	0.293288	0.852015	1	1965.309333	1971.346240	0.412469	0.412469
53	../workspaces-FLASHApp/default/flashtnt/input-files/mzML-files/example_spectrum_antibody.mzML	1	nan	0.008309	242	2001.425794	2000.170816	3152.1	1	1	15	0	nan	4250.000000	0	0	nan	nan	nan	nan	0.88337	0.88337	1	0.383287	0.383287	1.47785	1	2001.166355	2006.196775	0.519683	0.519683
54	../workspaces-FLASHApp/default/flashtnt/input-files/mzML-files/example_spectrum_antibody.mzML	1	nan	0.008309	242	2020.003708	2018.735187	4330.28	1	1	15	0	nan	4250.000000	0	0	nan	nan	nan	nan	0.891134	0.891134	1	0.460347	0.460347	0.378843	1	2019.733038	2023.764500	0.611575	0.611575
55	../workspaces-FLASHApp/default/flashtnt/input-files/mzML-files/example_spectrum_antibody.mzML	1	nan	0.008309	242	2029.278601	2028.010080	6048.75	1	1	21	0	nan	4250.000000	0	0	nan	nan	nan	nan	0.873037	0.873037	1	0.513969	0.513969	1.38665	1	2029.010467	2035.038648	0.473769	0.473769
56	../workspaces-FLASHApp/default/flashtnt/input-files/mzML-files/example_spectrum_antibody.mzML	1	nan	0.008309	242	2117.372480	2116.053664	4971.87	2	2	20	0	nan	4250.000000	0	0	nan	nan	nan	nan	0.989399	0.989399	1	0.178316	6.58718	1.12319	2	1059.029229	1061.046797	0.900584	0.900584
57	../workspaces-FLASHApp/default/flashtnt/input-files/mzML-files/example_spectrum_antibody.mzML	1	nan	0.008309	242	2320.575153	2319.122966	3753.57	1	2	32	0	nan	4250.000000	0	0	nan	nan	nan	nan	0.90767	0.928205	1	5.5998	4.52218	0.889229	2	1160.564187	1163.081133	0.738148	0.738148
58	../workspaces-FLASHApp/default/flashtnt/input-files/mzML-files/example_spectrum_antibody.mzML	1	nan	0.008309	242	2509.709477	2508.154399	1020.3	2	2	12	0	nan	4250.000000	0	0	nan	nan	nan	nan	0.987496	0.987496	1	1.24733	1.25619	0.161666	2	1255.079390	1256.593931	0.931035	0.931035
59	../workspaces-FLASHApp/default/flashtnt/input-files/mzML-files/example_spectrum_antibody.mzML	1	nan	0.008309	242	2657.871443	2656.230057	440.039	2	2	12	0	nan	4250.000000	0	0	nan	nan	nan	nan	0.925115	0.925115	1	3.2026	3.2026	0.612259	2	1329.115222	1330.132797	0.790021	0.790021
60	../workspaces-FLASHApp/default/flashtnt/input-files/mzML-files/example_spectrum_antibody.mzML	1	nan	0.008309	242	2823.340315	2821.595500	1572.75	2	2	21	0	nan	4250.000000	0	0	nan	nan	nan	nan	0.857427	0.857427	1	0.296817	0.296817	0.537243	2	1411.798286	1414.822392	0.423875	0.423875
61	../workspaces-FLASHApp/default/flashtnt/input-files/mzML-files/example_spectrum_antibody.mzML	1	nan	0.008309	242	2954.267065	2952.460319	3601.86	2	2	22	0	nan	4250.000000	0	0	nan	nan	nan	nan	0.886909	0.886909	1	0.761529	0.761529	0.606142	2	1477.229049	1479.750199	0.588697	0.588697
62	../workspaces-FLASHApp/default/flashtnt/input-files/mzML-files/example_spectrum_antibody.mzML	1	nan	0.008309	242	3078.410324	3076.529097	4849.11	2	2	22	0	nan	4250.000000	0	0	nan	nan	nan	nan	0.89557	0.89557	1	0.522106	0.522106	0.756405	2	1539.264461	1542.290832	0.619125	0.619125
63	../workspaces-FLASHApp/default/flashtnt/input-files/mzML-files/example_spectrum_antibody.mzML	1	nan	0.008309	242	3249.379537	3247.375174	8002.99	2	2	25	0	nan	4250.000000	0	0	nan	nan	nan	nan	0.850198	0.850198	1	0.575675	0.575675	0.548027	2	1624.684241	1628.215395	0.395464	0.395464
64	../workspaces-FLASHApp/default/flashtnt/input-files/mzML-files/example_spectrum_antibody.mzML	1	nan	0.008309	242	3517.628714	3515.470107	5749.5	2	2	30	0	nan	4250.000000	0	0	nan	nan	nan	nan	0.855249	0.855249	1	0.4394	0.43728	0.929877	2	1758.732987	1762.762973	0.400105	0.400105
65	../workspaces-FLASHApp/default/flashtnt/input-files/mzML-files/example_spectrum_antibody.mzML	1	nan	0.008309	242	3649.306749	3647.081041	6106.34	2	2	28	0	nan	4250.000000	0	0	nan	nan	nan	nan	0.898434	0.898434	1	0.361758	0.361758	1.27797	2	1824.543494	1828.570099	0.605767	0.605767
66	../workspaces-FLASHApp/default/flashtnt/input-files/mzML-files/example_spectrum_antibody.mzML	1	nan	0.008309	242	3778.677408	3776.380445	3976.27	2	2	26	0	nan	4250.000000	0	0	nan	nan	nan	nan	0.851509	0.851509	1	1.06346	1.06346	1.50874	2	1889.181786	1893.219232	0.372314	0.372314
67	../workspaces-FLASHApp/default/flashtnt/input-files/mzML-files/example_spectrum_antibody.mzML	1	nan	0.008309	242	4133.921799	4131.324523	1509.85	2	2	20	0	nan	4250.000000	0	0	nan	nan	nan	nan	0.892079	0.892079	1	0.277998	0.277998	2.30449	2	2066.666557	2070.682995	0.523881	0.523881
68	../workspaces-FLASHApp/default/flashtnt/input-files/mzML-files/example_spectrum_antibody.mzML	1	nan	0.008309	242	4272.792913	4270.107494	7381.39	2	3	54	0	nan	4250.000000	0	0	nan	nan	nan	nan	0.93447	0.918064	1	1.35427	1.83062	0.843385	2	2136.044623	2140.077258	0.791161	0.791161
69	../workspaces-FLASHApp/default/flashtnt/input-files/mzML-files/example_spectrum_antibody.mzML	1	nan	0.008309	242	4410.886477	4408.125116	5834	2	3	48	0	nan	4250.000000	0	0	nan	nan	nan	nan	0.911373	0.982176	1	1.36743	0.941356	1.21133	2	2205.053870	2209.086594	0.719032	0.719032
70	../workspaces-FLASHApp/default/flashtnt/input-files/mzML-files/example_spectrum_antibody.mzML	1	nan	0.008309	242	4701.638232	4698.690168	7755.91	3	3	33	0	nan	4250.000000	0	0	nan	nan	nan	nan	0.859116	0.859116	1	0.432567	0.456858	0.678006	3	1567.230959	1570.251681	0.430524	0.430524
71	../workspaces-FLASHApp/default/flashtnt/input-files/mzML-files/example_spectrum_antibody.mzML	1	nan	0.008309	242	4858.150104	4855.112758	5214.34	3	3	31	0	nan	4250.000000	0	0	nan	nan	nan	nan	0.854775	0.854775	1	0.328235	0.328235	0.583054	3	1619.370374	1622.395923	0.409362	0.409362
72	../workspaces-FLASHApp/default/flashtnt/input-files/mzML-files/example_spectrum_antibody.mzML	1	nan	0.008309	242	4859.526838	4856.489492	4137.67	3	4	35	0	nan	4250.000000	0	0	nan	nan	nan	nan	0.85986	0.557726	1	0.148118	1.16641	2.28569	4	1215.627058	1216.642894	0.249351	0.249351
73	../workspaces-FLASHApp/default/flashtnt/input-files/mzML-files/example_spectrum_antibody.mzML	1	nan	0.008309	242	4913.874672	4910.811634	13558.7	2	3	40	0	nan	4250.000000	0	0	nan	nan	nan	nan	0.873163	0.6686	1	0.926673	1.39458	1.23495	2	2457.912323	2458.432585	0.412528	0.412528
74	../workspaces-FLASHApp/default/flashtnt/input-files/mzML-files/example_spectrum_antibody.mzML	1	nan	0.008309	242	4949.576287	4946.485148	8126.68	2	3	33	0	nan	4250.000000	0	0	nan	nan	nan	nan	0.852432	0.911012	1	0.347134	1.04736	0.591343	3	1649.828849	1652.852547	0.411328	0.411328
75	../workspaces-FLASHApp/default/flashtnt/input-files/mzML-files/example_spectrum_antibody.mzML	1	nan	0.008309	242	4949.890077	4946.798938	9105.14	2	3	33	0	nan	4250.000000	0	0	nan	nan	nan	nan	0.86855	0.898086	1	0.574391	1.28572	0.34986	3	1649.932154	1652.956136	0.503534	0.503534
76	../workspaces-FLASHApp/default/flashtnt/input-files/mzML-files/example_spectrum_antibody.mzML	1	nan	0.008309	242	5357.313714	5353.996899	4381.91	3	3	24	0	nan	4250.000000	0	0	nan	nan	nan	nan	0.893063	0.893063	1	0.998334	0.998334	1.39444	3	1785.660554	1788.679663	0.590789	0.590789
77	../workspaces-FLASHApp/default/flashtnt/input-files/mzML-files/example_spectrum_antibody.mzML	1	nan	0.008309	242	5400.956947	5397.612492	9243.53	3	3	30	0	nan	4250.000000	0	0	nan	nan	nan	nan	0.853744	0.853744	1	1.51999	1.51999	1.71833	3	1800.198840	1803.554588	0.383163	0.383163
78	../workspaces-FLASHApp/default/flashtnt/input-files/mzML-files/example_spectrum_antibody.mzML	1	nan	0.008309	242	5634.802426	5631.308459	8894.61	3	4	52	0	nan	4250.000000	0	0	nan	nan	nan	nan	0.856983	0.918122	1	1.12717	1.06563	1.87209	3	1878.101736	1881.464846	0.407621	0.407621
79	../workspaces-FLASHApp/default/flashtnt/input-files/mzML-files/example_spectrum_antibody.mzML	1	nan	0.008309	242	5688.238867	5684.721092	6650.72	3	3	31	0	nan	4250.000000	0	0	nan	nan	nan	nan	0.895091	0.895091	1	1.17212	1.17212	1.1021	3	1895.908268	1899.270267	0.617561	0.617561
80	../workspaces-FLASHApp/default/flashtnt/input-files/mzML-files/example_spectrum_antibody.mzML	1	nan	0.008309	242	5746.070661	5742.503647	23388.1	3	4	62	0	nan	4250.000000	0	0	nan	nan	nan	nan	0.870099	0.944765	1	0.284404	0.687157	1.50182	3	1915.161275	1918.524816	0.468220	0.468220
81	../workspaces-FLASHApp/default/flashtnt/input-files/mzML-files/example_spectrum_antibody.mzML	1	nan	0.008309	242	6064.210708	6060.474876	6423.06	3	4	53	0	nan	4250.000000	0	0	nan	nan	nan	nan	0.885155	0.758756	1	1.41095	1.1099	1.28759	3	2021.154530	2024.498790	0.518904	0.518904
82	../workspaces-FLASHApp/default/flashtnt/input-files/mzML-files/example_spectrum_antibody.mzML	1	nan	0.008309	242	6212.848924	6209.024769	19577.6	3	5	73	0	nan	4250.000000	0	0	nan	nan	nan	nan	0.955633	0.97718	1	3.87925	5.0051	1.17119	4	1553.251283	1555.780417	0.870970	0.870970
83	../workspaces-FLASHApp/default/flashtnt/input-files/mzML-files/example_spectrum_antibody.mzML	1	nan	0.008309	242	6508.716280	6504.727834	9876.9	3	4	51	0	nan	4250.000000	0	0	nan	nan	nan	nan	0.899	0.938259	1	0.713311	0.663805	1.3795	4	1627.179747	1629.704410	0.628854	0.628854
84	../workspaces-FLASHApp/default/flashtnt/input-files/mzML-files/example_spectrum_antibody.mzML	1	nan	0.008309	242	6525.215858	6521.211370	20167.4	3	4	58	0	nan	4250.000000	0	0	nan	nan	nan	nan	0.870576	0.976066	1	1.91913	2.53811	0.635891	4	1631.304841	1633.823452	0.561781	0.561781
85	../workspaces-FLASHApp/default/flashtnt/input-files/mzML-files/example_spectrum_antibody.mzML	1	nan	0.008309	242	6544.754008	6540.737932	10589.9	3	4	61	0	nan	4250.000000	0	0	nan	nan	nan	nan	0.900859	0.942575	1	0.779855	1.91807	0.955166	4	1636.183084	1638.705140	0.649145	0.649145
86	../workspaces-FLASHApp/default/flashtnt/input-files/mzML-files/example_spectrum_antibody.mzML	1	nan	0.008309	242	6681.502443	6677.299835	24499.2	3	4	69	0	nan	4250.000000	0	0	nan	nan	nan	nan	0.938528	0.947313	1	6.04542	8.31209	1.13809	4	1670.320269	1673.335567	0.832026	0.832026
87	../workspaces-FLASHApp/default/flashtnt/input-files/mzML-files/example_spectrum_antibody.mzML	1	nan	0.008309	242	6827.652279	6823.371880	17780.6	3	4	64	0	nan	4250.000000	0	0	nan	nan	nan	nan	0.906482	0.882187	1	1.83194	6.06052	1.16846	3	2276.122449	2279.151421	0.657155	0.657155
88	../workspaces-FLASHApp/default/flashtnt/input-files/mzML-files/example_spectrum_antibody.mzML	1	nan	0.008309	242	6828.670789	6824.390389	16135.2	3	4	66	0	nan	4250.000000	0	0	nan	nan	nan	nan	0.910706	0.892213	1	2.61376	5.76142	1.1914	3	2276.135326	2279.164323	0.692479	0.692479
89	../workspaces-FLASHApp/default/flashtnt/input-files/mzML-files/example_spectrum_antibody.mzML	1	nan	0.008309	242	6914.706480	6910.377302	18270.9	3	5	95	0	nan	4250.000000	0	0	nan	nan	nan	nan	0.906473	0.943601	1	0.769958	6.38814	0.846212	5	1383.271995	1385.097832	0.662496	0.662496
90	../workspaces-FLASHApp/default/flashtnt/input-files/mzML-files/example_spectrum_antibody.mzML	1	nan	0.008309	242	6971.784515	6967.415650	13954.3	3	4	58	0	nan	4250.000000	0	0	nan	nan	nan	nan	0.913126	0.917474	1	3.44304	7.67917	0.541447	4	1742.853986	1745.877586	0.741120	0.741120
91	../workspaces-FLASHApp/default/flashtnt/input-files/mzML-files/example_spectrum_antibody.mzML	1	nan	0.008309	242	7010.960097	7006.577503	9762.99	4	5	64	0	nan	4250.000000	0	0	nan	nan	nan	nan	0.911852	0.912396	1	1.36833	3.31477	1.39054	5	1402.516064	1404.723444	0.679298	0.679298
92	../workspaces-FLASHApp/default/flashtnt/input-files/mzML-files/example_spectrum_antibody.mzML	1	nan	0.008309	242	7057.866635	7053.449213	2771.33	3	3	21	0	nan	4250.000000	0	0	nan	nan	nan	nan	0.937391	0.937391	1	1.6807	1.6807	1.57705	3	2352.819741	2355.176196	0.789508	0.789508
93	../workspaces-FLASHApp/default/flashtnt/input-files/mzML-files/example_spectrum_antibody.mzML	1	nan	0.008309	242	7067.989662	7063.560641	22362	4	5	59	0	nan	4250.000000	0	0	nan	nan	nan	nan	0.850195	0.858657	1	0.649944	1.96069	1.12177	4	1766.886084	1769.919487	0.365226	0.365226
94	../workspaces-FLASHApp/default/flashtnt/input-files/mzML-files/example_spectrum_antibody.mzML	1	nan	0.008309	242	7187.020449	7182.538296	25087.3	4	5	87	0	nan	4250.000000	0	0	nan	nan	nan	nan	0.905276	0.947832	1	7.27753	5.97327	0.821822	5	1437.505885	1439.925988	0.745270	0.745270
95	../workspaces-FLASHApp/default/flashtnt/input-files/mzML-files/example_spectrum_antibody.mzML	1	nan	0.008309	242	7188.037959	7183.555806	15122.9	4	4	37	0	nan	4250.000000	0	0	nan	nan	nan	nan	0.880403	0.880403	1	3.14024	3.14024	1.07117	4	1796.888576	1799.909053	0.573706	0.573706
96	../workspaces-FLASHApp/default/flashtnt/input-files/mzML-files/example_spectrum_antibody.mzML	1	nan	0.008309	242	7224.155008	7219.647129	10869.8	3	4	43	0	nan	4250.000000	0	0	nan	nan	nan	nan	0.858372	0.87036	1	1.1128	2.70132	1.58647	4	1805.909198	1808.934212	0.398369	0.398369
97	../workspaces-FLASHApp/default/flashtnt/input-files/mzML-files/example_spectrum_antibody.mzML	1	nan	0.008309	242	7287.185058	7282.640626	9361	3	4	40	0	nan	4250.000000	0	0	nan	nan	nan	nan	0.860289	0.870517	1	2.21029	3.2261	1.32926	4	1821.654413	1824.682121	0.443487	0.443487
98	../workspaces-FLASHApp/default/flashtnt/input-files/mzML-files/example_spectrum_antibody.mzML	1	nan	0.008309	242	7330.201411	7325.631763	22588.4	4	5	80	0	nan	4250.000000	0	0	nan	nan	nan	nan	0.907051	0.913044	1	2.35719	5.21398	1.54118	5	1466.129627	1468.548996	0.666961	0.666961
99	../workspaces-FLASHApp/default/flashtnt/input-files/mzML-files/example_spectrum_antibody.mzML	1	nan	0.008309	242	7331.172662	7326.603014	26936.1	4	5	81	0	nan	4250.000000	0	0	nan	nan	nan	nan	0.948884	0.987082	1	5.00431	5.21568	1.0634	5	1466.322690	1468.742537	0.865820	0.865820
100	../workspaces-FLASHApp/default/flashtnt/input-files/mzML-files/example_spectrum_antibody.mzML	1	nan	0.008309	242	7353.111867	7348.528232	4613.37	5	6	59	0	nan	4250.000000	0	0	nan	nan	nan	nan	0.899077	0.885138	1	3.52327	4.47429	1.13888	5	1470.700119	1472.923000	0.658985	0.658985
101	../workspaces-FLASHApp/default/flashtnt/input-files/mzML-files/example_spectrum_antibody.mzML	1	nan	0.008309	242	7402.242424	7397.635598	12494.3	4	5	78	0	nan	4250.000000	0	0	nan	nan	nan	nan	0.857997	0.790384	1	0.845485	2.30909	1.64352	5	1480.540227	1482.941195	0.359492	0.359492
102	../workspaces-FLASHApp/default/flashtnt/input-files/mzML-files/example_spectrum_antibody.mzML	1	nan	0.008309	242	7442.382097	7437.723498	19320.2	4	4	41	0	nan	4250.000000	0	0	nan	nan	nan	nan	0.91268	0.91268	1	8.30235	8.30235	1.05584	4	1860.430704	1863.460251	0.756085	0.756085
103	../workspaces-FLASHApp/default/flashtnt/input-files/mzML-files/example_spectrum_antibody.mzML	1	nan	0.008309	242	7443.353227	7438.694628	26239.8	4	5	81	0	nan	4250.000000	0	0	nan	nan	nan	nan	0.873213	0.896245	1	1.8218	2.36092	0.949555	4	1860.668609	1863.698737	0.529278	0.529278
104	../workspaces-FLASHApp/default/flashtnt/input-files/mzML-files/example_spectrum_antibody.mzML	1	nan	0.008309	242	7445.298810	7440.640211	25447	4	5	89	0	nan	4250.000000	0	0	nan	nan	nan	nan	0.851984	0.917108	1	1.66723	2.85447	0.989936	5	1489.122531	1491.551245	0.425817	0.425817
105	../workspaces-FLASHApp/default/flashtnt/input-files/mzML-files/example_spectrum_antibody.mzML	1	nan	0.008309	242	7592.559478	7587.811476	7475.49	4	4	30	0	nan	4250.000000	0	0	nan	nan	nan	nan	0.857716	0.857716	1	2.43864	2.43864	1.89829	4	1897.955770	1900.979191	0.409239	0.409239
106	../workspaces-FLASHApp/default/flashtnt/input-files/mzML-files/example_spectrum_antibody.mzML	1	nan	0.008309	242	7616.649968	7611.901965	7528.37	5	6	54	0	nan	4250.000000	0	0	nan	nan	nan	nan	0.945025	0.937132	1	2.6932	1.5539	0.773601	5	1523.376666	1525.804887	0.846368	0.846368
107	../workspaces-FLASHApp/default/flashtnt/input-files/mzML-files/example_spectrum_antibody.mzML	1	nan	0.008309	242	7704.530417	7699.730512	28100.2	4	5	70	0	nan	4250.000000	0	0	nan	nan	nan	nan	0.931788	0.981077	1	2.71934	22.63	0.625356	5	1541.142343	1542.764958	0.797979	0.797979
108	../workspaces-FLASHApp/default/flashtnt/input-files/mzML-files/example_spectrum_antibody.mzML	1	nan	0.008309	242	7726.527756	7721.704498	7691.27	4	6	96	0	nan	4250.000000	0	0	nan	nan	nan	nan	0.878064	0.967334	1	1.65694	9.91981	1.42095	6	1288.116380	1289.636215	0.531728	0.531728
109	../workspaces-FLASHApp/default/flashtnt/input-files/mzML-files/example_spectrum_antibody.mzML	1	nan	0.008309	242	7854.618876	7849.730073	8990.94	4	5	54	0	nan	4250.000000	0	0	nan	nan	nan	nan	0.906158	0.745522	1	1.00897	1.03182	1.60567	4	1963.430420	1966.446248	0.589664	0.589664
110	../workspaces-FLASHApp/default/flashtnt/input-files/mzML-files/example_spectrum_antibody.mzML	1	nan	0.008309	242	8031.936099	8026.944562	20996.5	4	5	65	0	nan	4250.000000	0	0	nan	nan	nan	nan	0.875668	0.878599	1	0.846113	3.75289	2.24819	5	1606.382416	1608.812901	0.440818	0.440818
111	../workspaces-FLASHApp/default/flashtnt/input-files/mzML-files/example_spectrum_antibody.mzML	1	nan	0.008309	242	8045.170094	8040.166817	12203	3	5	61	0	nan	4250.000000	0	0	nan	nan	nan	nan	0.856558	0.819791	1	0.344193	0.636252	1.72634	4	2011.288969	2013.815549	0.352795	0.352795
112	../workspaces-FLASHApp/default/flashtnt/input-files/mzML-files/example_spectrum_antibody.mzML	1	nan	0.008309	242	8176.106873	8171.027232	17014.9	4	6	86	0	nan	4250.000000	0	0	nan	nan	nan	nan	0.861089	0.662617	1	1.07943	2.85413	0.837611	4	2043.753389	2046.780543	0.367805	0.367805
113	../workspaces-FLASHApp/default/flashtnt/input-files/mzML-files/example_spectrum_antibody.mzML	1	nan	0.008309	242	8417.371281	8412.164687	20029.6	4	5	69	0	nan	4250.000000	0	0	nan	nan	nan	nan	0.853283	0.893065	1	3.45555	5.34492	1.59184	5	1683.634140	1686.053282	0.420057	0.420057
114	../workspaces-FLASHApp/default/flashtnt/input-files/mzML-files/example_spectrum_antibody.mzML	1	nan	0.008309	242	8618.586427	8613.229006	27680.1	4	6	106	0	nan	4250.000000	0	0	nan	nan	nan	nan	0.871334	0.832758	1	3.80638	1.95886	1.52802	5	1723.645203	1726.270184	0.507305	0.507305
115	../workspaces-FLASHApp/default/flashtnt/input-files/mzML-files/example_spectrum_antibody.mzML	1	nan	0.008309	242	8861.828749	8856.342331	14096.5	4	5	60	0	nan	4250.000000	0	0	nan	nan	nan	nan	0.880502	0.781629	1	2.09621	3.47492	1.03265	4	2215.082281	2218.114057	0.518681	0.518681
116	../workspaces-FLASHApp/default/flashtnt/input-files/mzML-files/example_spectrum_antibody.mzML	1	nan	0.008309	242	8931.857559	8926.331255	13459	4	5	64	0	nan	4250.000000	0	0	nan	nan	nan	nan	0.850268	0.820365	1	2.51104	7.0239	1.02125	4	2233.078885	2235.608632	0.385342	0.385342
117	../workspaces-FLASHApp/default/flashtnt/input-files/mzML-files/example_spectrum_antibody.mzML	1	nan	0.008309	242	8932.864351	8927.338048	13576.4	4	5	66	0	nan	4250.000000	0	0	nan	nan	nan	nan	0.863892	0.865467	1	1.42972	8.56441	1.30063	4	2233.078885	2236.110081	0.426874	0.426874
118	../workspaces-FLASHApp/default/flashtnt/input-files/mzML-files/example_spectrum_antibody.mzML	1	nan	0.008309	242	8975.421316	8969.869432	9617.44	4	5	37	0	nan	4250.000000	0	0	nan	nan	nan	nan	0.859805	0.916662	1	0.50794	1.25234	1.48209	5	1794.993365	1797.394473	0.414176	0.414176
119	../workspaces-FLASHApp/default/flashtnt/input-files/mzML-files/example_spectrum_antibody.mzML	1	nan	0.008309	242	9957.885175	9951.672368	24904.2	4	7	116	0	nan	4250.000000	0	0	nan	nan	nan	nan	0.865175	0.902578	1	1.45942	5.03733	1.81347	5	1991.330691	1994.147045	0.433014	0.433014
120	../workspaces-FLASHApp/default/flashtnt/input-files/mzML-files/example_spectrum_antibody.mzML	1	nan	0.008309	242	10393.681664	10387.188593	14259.4	4	5	50	0	nan	4250.000000	0	0	nan	nan	nan	nan	0.903794	0.892874	1	2.5554	4.64096	1.58202	5	2078.447674	2081.462179	0.649188	0.649188
121	../workspaces-FLASHApp/default/flashtnt/input-files/mzML-files/example_spectrum_antibody.mzML	1	nan	0.008309	242	10436.371121	10429.843046	50674	5	7	116	0	nan	4250.000000	0	0	nan	nan	nan	nan	0.882356	0.820276	1	0.583244	3.75498	1.30255	5	2086.968148	2089.989886	0.484494	0.484494
122	../workspaces-FLASHApp/default/flashtnt/input-files/mzML-files/example_spectrum_antibody.mzML	1	nan	0.008309	242	10547.896702	10541.303417	5857.7	5	5	32	0	nan	4250.000000	0	0	nan	nan	nan	nan	0.917122	0.917122	1	7.59824	7.59824	1.42439	5	2109.257891	2112.086460	0.758125	0.758125
123	../workspaces-FLASHApp/default/flashtnt/input-files/mzML-files/example_spectrum_antibody.mzML	1	nan	0.008309	242	10548.881642	10542.288356	21226.2	5	6	74	0	nan	4250.000000	0	0	nan	nan	nan	nan	0.913539	0.946424	1	13.4962	11.4283	1.52412	5	2109.648493	2112.086460	0.769963	0.769963
124	../workspaces-FLASHApp/default/flashtnt/input-files/mzML-files/example_spectrum_antibody.mzML	1	nan	0.008309	242	10658.978128	10652.321982	4095.13	5	5	24	0	nan	4250.000000	0	0	nan	nan	nan	nan	0.854751	0.854751	1	7.51826	7.51826	1.2789	5	2132.058396	2134.091028	0.463714	0.463714
125	../workspaces-FLASHApp/default/flashtnt/input-files/mzML-files/example_spectrum_antibody.mzML	1	nan	0.008309	242	10677.012951	10670.343098	24255.7	5	7	116	0	nan	4250.000000	0	0	nan	nan	nan	nan	0.867867	0.930066	1	5.49337	4.56353	1.14216	6	1779.387086	1781.917474	0.552318	0.552318
126	../workspaces-FLASHApp/default/flashtnt/input-files/mzML-files/example_spectrum_antibody.mzML	1	nan	0.008309	242	10689.696104	10683.026252	23716.9	5	6	70	0	nan	4250.000000	0	0	nan	nan	nan	nan	0.950334	0.978077	1	7.02324	8.01228	1.67112	6	1781.667759	1784.033234	0.860099	0.860099
127	../workspaces-FLASHApp/default/flashtnt/input-files/mzML-files/example_spectrum_antibody.mzML	1	nan	0.008309	242	10734.056538	10727.360771	101454	4	7	161	0	nan	4250.000000	0	0	nan	nan	nan	nan	0.993059	0.993144	1	34.7976	16.1093	0.717933	5	2146.666482	2149.098034	0.960633	0.960633
128	../workspaces-FLASHApp/default/flashtnt/input-files/mzML-files/example_spectrum_antibody.mzML	1	nan	0.008309	242	10770.845122	10764.123957	14936.2	5	8	103	0	nan	4250.000000	0	0	nan	nan	nan	nan	0.863683	0.629607	1	0.116326	0.873949	2.38589	7	1538.749003	1540.898455	0.282117	0.282117
129	../workspaces-FLASHApp/default/flashtnt/input-files/mzML-files/example_spectrum_antibody.mzML	1	nan	0.008309	242	10836.853278	10830.106345	28922.5	5	7	121	0	nan	4250.000000	0	0	nan	nan	nan	nan	0.942812	0.950382	1	2.67247	3.71147	1.71486	6	1806.018404	1808.541990	0.811901	0.811901
130	../workspaces-FLASHApp/default/flashtnt/input-files/mzML-files/example_spectrum_antibody.mzML	1	nan	0.008309	242	10844.033691	10837.286758	18410.4	5	7	103	0	nan	4250.000000	0	0	nan	nan	nan	nan	0.864942	0.708173	1	0.992734	1.85227	1.81285	5	2168.448582	2171.289111	0.362383	0.362383
131	../workspaces-FLASHApp/default/flashtnt/input-files/mzML-files/example_spectrum_antibody.mzML	1	nan	0.008309	242	10890.255457	10883.471642	74053.4	5	8	179	0	nan	4250.000000	0	0	nan	nan	nan	nan	0.991032	0.985287	1	17.1036	52.6343	1.13888	7	1555.780417	1557.929208	0.942631	0.942631
132	../workspaces-FLASHApp/default/flashtnt/input-files/mzML-files/example_spectrum_antibody.mzML	1	nan	0.008309	242	10914.872576	10908.077190	16690.3	5	7	96	0	nan	4250.000000	0	0	nan	nan	nan	nan	0.920989	0.809327	1	1.09575	3.60894	1.44186	6	1819.020545	1821.534567	0.674225	0.674225
133	../workspaces-FLASHApp/default/flashtnt/input-files/mzML-files/example_spectrum_antibody.mzML	1	nan	0.008309	242	10951.923844	10945.100656	17570.4	5	6	65	0	nan	4250.000000	0	0	nan	nan	nan	nan	0.946312	0.957481	1	6.68952	7.14892	1.37042	6	1825.181309	1827.541355	0.852974	0.852974
134	../workspaces-FLASHApp/default/flashtnt/input-files/mzML-files/example_spectrum_antibody.mzML	1	nan	0.008309	242	11006.955440	11000.108918	5775.7	5	5	35	0	nan	4250.000000	0	0	nan	nan	nan	nan	0.962142	0.962142	1	5.33497	5.33497	1.15116	5	2201.215857	2203.446324	0.889209	0.889209
135	../workspaces-FLASHApp/default/flashtnt/input-files/mzML-files/example_spectrum_antibody.mzML	1	nan	0.008309	242	11007.950255	11001.103733	24872.6	5	6	74	0	nan	4250.000000	0	0	nan	nan	nan	nan	0.871074	0.943143	1	1.59709	4.59046	1.5879	5	2201.215857	2203.446324	0.492086	0.492086
136	../workspaces-FLASHApp/default/flashtnt/input-files/mzML-files/example_spectrum_antibody.mzML	1	nan	0.008309	242	11031.429157	11024.566532	13494.9	5	8	111	0	nan	4250.000000	0	0	nan	nan	nan	nan	0.871555	0.814092	1	0.471549	3.57203	1.90312	7	1576.081934	1578.101948	0.399173	0.399173
137	../workspaces-FLASHApp/default/flashtnt/input-files/mzML-files/example_spectrum_antibody.mzML	1	nan	0.008309	242	11032.391076	11025.528452	13658.3	5	7	96	0	nan	4250.000000	0	0	nan	nan	nan	nan	0.86694	0.797099	1	2.18488	1.72104	1.68249	7	1576.081934	1578.220893	0.440062	0.440062
138	../workspaces-FLASHApp/default/flashtnt/input-files/mzML-files/example_spectrum_antibody.mzML	1	nan	0.008309	242	11046.420947	11039.546668	4691.26	5	5	23	0	nan	4250.000000	0	0	nan	nan	nan	nan	0.851927	0.851927	1	2.8631	2.8631	1.31713	5	2209.111217	2211.131763	0.410842	0.410842
139	../workspaces-FLASHApp/default/flashtnt/input-files/mzML-files/example_spectrum_antibody.mzML	1	nan	0.008309	242	11076.482779	11069.596848	6149.41	5	5	34	0	nan	4250.000000	0	0	nan	nan	nan	nan	0.958237	0.958237	1	13.596	13.596	1.30666	5	2215.119368	2217.346244	0.893679	0.893679
140	../workspaces-FLASHApp/default/flashtnt/input-files/mzML-files/example_spectrum_antibody.mzML	1	nan	0.008309	242	11101.459644	11094.548736	33227.1	5	8	156	0	nan	4250.000000	0	0	nan	nan	nan	nan	0.904157	0.874408	1	1.92153	8.29329	1.05065	6	1850.092842	1852.444660	0.646214	0.646214
141	../workspaces-FLASHApp/default/flashtnt/input-files/mzML-files/example_spectrum_antibody.mzML	1	nan	0.008309	242	11109.157027	11102.246118	19342.8	5	7	109	0	nan	4250.000000	0	0	nan	nan	nan	nan	0.908905	0.969252	1	1.2288	2.50049	1.75902	6	1851.376814	1853.901444	0.670577	0.670577
142	../workspaces-FLASHApp/default/flashtnt/input-files/mzML-files/example_spectrum_antibody.mzML	1	nan	0.008309	242	11244.636381	11237.646875	38173	5	7	114	0	nan	4250.000000	0	0	nan	nan	nan	nan	0.960614	0.92313	1	8.52822	7.39925	0.918575	7	1606.374781	1608.545125	0.893129	0.893129
143	../workspaces-FLASHApp/default/flashtnt/input-files/mzML-files/example_spectrum_antibody.mzML	1	nan	0.008309	242	11258.265482	11251.275977	7843.35	6	7	69	0	nan	4250.000000	0	0	nan	nan	nan	nan	0.8685	0.907043	1	3.61196	4.0358	2.22543	7	1608.323304	1610.329010	0.476608	0.476608
144	../workspaces-FLASHApp/default/flashtnt/input-files/mzML-files/example_spectrum_antibody.mzML	1	nan	0.008309	242	11281.091552	11274.090438	16095.9	6	8	104	0	nan	4250.000000	0	0	nan	nan	nan	nan	0.85718	0.773527	1	0.906765	1.75478	1.74273	6	1880.197789	1882.539463	0.351026	0.351026
145	../workspaces-FLASHApp/default/flashtnt/input-files/mzML-files/example_spectrum_antibody.mzML	1	nan	0.008309	242	11282.709482	11275.708368	11393.1	5	7	78	0	nan	4250.000000	0	0	nan	nan	nan	nan	0.866241	0.654938	1	0.660745	0.920772	2.13354	7	1611.816570	1613.967201	0.332564	0.332564
146	../workspaces-FLASHApp/default/flashtnt/input-files/mzML-files/example_spectrum_antibody.mzML	1	nan	0.008309	242	11350.421825	11343.372653	18862.9	5	9	113	0	nan	4250.000000	0	0	nan	nan	nan	nan	0.852874	0.912389	1	0.872701	4.5799	1.44486	6	1891.901252	1894.088875	0.379054	0.379054
147	../workspaces-FLASHApp/default/flashtnt/input-files/mzML-files/example_spectrum_antibody.mzML	1	nan	0.008309	242	11414.878213	11407.803449	19155.4	5	8	126	0	nan	4250.000000	0	0	nan	nan	nan	nan	0.865362	0.962335	1	1.43834	4.04242	1.57037	6	1902.464093	1904.827784	0.470035	0.470035
148	../workspaces-FLASHApp/default/flashtnt/input-files/mzML-files/example_spectrum_antibody.mzML	1	nan	0.008309	242	11480.648286	11473.510800	80294.2	5	7	136	0	nan	4250.000000	0	0	nan	nan	nan	nan	0.92645	0.947731	1	3.9314	12.0329	1.17844	6	1913.244640	1915.946636	0.775130	0.775130
149	../workspaces-FLASHApp/default/flashtnt/input-files/mzML-files/example_spectrum_antibody.mzML	1	nan	0.008309	242	11493.564852	11486.427366	30324.6	5	7	128	0	nan	4250.000000	0	0	nan	nan	nan	nan	0.850874	0.68768	1	0.0724075	1.51681	1.97442	7	1641.919169	1644.082920	0.258363	0.258363
150	../workspaces-FLASHApp/default/flashtnt/input-files/mzML-files/example_spectrum_antibody.mzML	1	nan	0.008309	242	11533.626097	11526.462965	11624.1	5	6	63	0	nan	4250.000000	0	0	nan	nan	nan	nan	0.89971	0.92331	1	2.87032	17.7503	1.47714	6	1922.077071	1924.767766	0.629896	0.629896
151	../workspaces-FLASHApp/default/flashtnt/input-files/mzML-files/example_spectrum_antibody.mzML	1	nan	0.008309	242	11550.706095	11543.519607	27113.2	5	6	76	0	nan	4250.000000	0	0	nan	nan	nan	nan	0.969584	0.959397	1	31.6764	26.7749	1.24757	6	1924.917971	1927.614636	0.926017	0.926017
152	../workspaces-FLASHApp/default/flashtnt/input-files/mzML-files/example_spectrum_antibody.mzML	1	nan	0.008309	242	11572.658892	11565.458590	24980.8	6	7	98	0	nan	4250.000000	0	0	nan	nan	nan	nan	0.885461	0.883701	1	9.02036	5.82731	1.17671	6	1928.578387	1931.252559	0.640326	0.640326
153	../workspaces-FLASHApp/default/flashtnt/input-files/mzML-files/example_spectrum_antibody.mzML	1	nan	0.008309	242	11619.193476	11611.981368	17827.3	5	8	105	0	nan	4250.000000	0	0	nan	nan	nan	nan	0.873014	0.809049	1	0.706298	1.5718	1.67194	7	1659.854716	1662.166521	0.434682	0.434682
154	../workspaces-FLASHApp/default/flashtnt/input-files/mzML-files/example_spectrum_antibody.mzML	1	nan	0.008309	242	11633.080888	11625.854469	115799	5	8	179	0	nan	4250.000000	0	0	nan	nan	nan	nan	0.995544	0.985909	1	23.324	65.5554	0.969728	7	1661.837115	1664.145013	0.951703	0.951703
155	../workspaces-FLASHApp/default/flashtnt/input-files/mzML-files/example_spectrum_antibody.mzML	1	nan	0.008309	242	11655.070724	11647.832506	27628.8	6	8	128	0	nan	4250.000000	0	0	nan	nan	nan	nan	0.949205	0.814558	1	3.32199	7.11131	0.919795	8	1457.230408	1458.861031	0.822080	0.822080
156	../workspaces-FLASHApp/default/flashtnt/input-files/mzML-files/example_spectrum_antibody.mzML	1	nan	0.008309	242	11664.751239	11657.513021	9735.63	6	7	70	0	nan	4250.000000	0	0	nan	nan	nan	nan	0.860363	0.866884	1	2.22285	5.24524	2.17537	6	1943.924434	1946.437114	0.397743	0.397743
157	../workspaces-FLASHApp/default/flashtnt/input-files/mzML-files/example_spectrum_antibody.mzML	1	nan	0.008309	242	11696.985397	11689.719086	17347.4	6	8	99	0	nan	4250.000000	0	0	nan	nan	nan	nan	0.876525	0.648212	1	0.794296	1.38092	2.26856	6	1949.281187	1951.978097	0.371356	0.371356
158	../workspaces-FLASHApp/default/flashtnt/input-files/mzML-files/example_spectrum_antibody.mzML	1	nan	0.008309	242	11720.897892	11713.619793	38270.5	5	7	115	0	nan	4250.000000	0	0	nan	nan	nan	nan	0.977313	0.992559	1	3.01088	9.94046	1.65132	6	1953.267232	1955.962164	0.897614	0.897614
159	../workspaces-FLASHApp/default/flashtnt/input-files/mzML-files/example_spectrum_antibody.mzML	1	nan	0.008309	242	11783.507756	11776.192592	7724.74	6	7	57	0	nan	4250.000000	0	0	nan	nan	nan	nan	0.858546	0.725439	1	1.25928	1.35473	1.91163	6	1963.698671	1966.394549	0.346501	0.346501
160	../workspaces-FLASHApp/default/flashtnt/input-files/mzML-files/example_spectrum_antibody.mzML	1	nan	0.008309	242	11830.941533	11823.600827	12275.8	6	7	69	0	nan	4250.000000	0	0	nan	nan	nan	nan	0.916655	0.918633	1	2.25209	10.7017	2.17763	6	1971.782220	1974.120289	0.672017	0.672017
161	../workspaces-FLASHApp/default/flashtnt/input-files/mzML-files/example_spectrum_antibody.mzML	1	nan	0.008309	242	11861.315466	11853.960502	44600.2	5	7	118	0	nan	4250.000000	0	0	nan	nan	nan	nan	0.983463	0.986041	1	36.6304	15.1482	1.09675	6	1976.670919	1979.184733	0.950006	0.950006
162	../workspaces-FLASHApp/default/flashtnt/input-files/mzML-files/example_spectrum_antibody.mzML	1	nan	0.008309	242	11861.372617	11854.017652	43645.8	5	8	163	0	nan	4250.000000	0	0	nan	nan	nan	nan	0.985932	0.923574	1	21.6874	11.6196	1.40854	8	1482.751611	1484.771196	0.938590	0.938590
163	../workspaces-FLASHApp/default/flashtnt/input-files/mzML-files/example_spectrum_antibody.mzML	1	nan	0.008309	242	11882.333402	11874.966675	29088.2	6	7	100	0	nan	4250.000000	0	0	nan	nan	nan	nan	0.937891	0.897323	1	2.44161	4.79436	0.990228	7	1697.422903	1699.730567	0.800023	0.800023
164	../workspaces-FLASHApp/default/flashtnt/input-files/mzML-files/example_spectrum_antibody.mzML	1	nan	0.008309	242	11882.433035	11875.066309	20123.3	5	7	96	0	nan	4250.000000	0	0	nan	nan	nan	nan	0.886423	0.809697	1	1.10556	1.61668	1.84026	7	1697.439488	1699.747186	0.505897	0.505897
165	../workspaces-FLASHApp/default/flashtnt/input-files/mzML-files/example_spectrum_antibody.mzML	1	nan	0.008309	242	12047.588980	12040.036405	125808	5	8	178	0	nan	4250.000000	0	0	nan	nan	nan	nan	0.992886	0.99601	1	48.3591	19.1636	0.984281	7	1721.000806	1723.314320	0.961546	0.961546
166	../workspaces-FLASHApp/default/flashtnt/input-files/mzML-files/example_spectrum_antibody.mzML	1	nan	0.008309	242	12068.599358	12061.046784	45964.8	6	8	157	0	nan	4250.000000	0	0	nan	nan	nan	nan	0.895955	0.740886	1	1.98546	4.15012	1.10212	8	1508.629512	1510.653480	0.570141	0.570141
167	../workspaces-FLASHApp/default/flashtnt/input-files/mzML-files/example_spectrum_antibody.mzML	1	nan	0.008309	242	12104.665466	12097.085093	63711.1	5	9	168	0	nan	4250.000000	0	0	nan	nan	nan	nan	0.983169	0.969009	1	15.9655	18.0371	1.53161	6	2017.173831	2019.872967	0.931541	0.931541
168	../workspaces-FLASHApp/default/flashtnt/input-files/mzML-files/example_spectrum_antibody.mzML	1	nan	0.008309	242	12123.750840	12116.158796	16565	5	7	76	0	nan	4250.000000	0	0	nan	nan	nan	nan	0.852787	0.783459	1	0.767043	2.39095	1.82615	7	1731.879968	1734.172643	0.323740	0.323740
169	../workspaces-FLASHApp/default/flashtnt/input-files/mzML-files/example_spectrum_antibody.mzML	1	nan	0.008309	242	12145.460358	12137.852215	25824.8	6	8	142	0	nan	4250.000000	0	0	nan	nan	nan	nan	0.937237	0.94754	1	7.84737	7.41463	1.16779	6	2023.969629	2026.660784	0.837202	0.837202
170	../workspaces-FLASHApp/default/flashtnt/input-files/mzML-files/example_spectrum_antibody.mzML	1	nan	0.008309	242	12169.431011	12161.822868	23259.8	6	8	129	0	nan	4250.000000	0	0	nan	nan	nan	nan	0.938366	0.70291	1	6.84396	3.01236	1.40825	7	1738.548164	1740.707689	0.781086	0.781086
171	../workspaces-FLASHApp/default/flashtnt/input-files/mzML-files/example_spectrum_antibody.mzML	1	nan	0.008309	242	12199.484597	12191.844232	6929.15	6	6	40	0	nan	4250.000000	0	0	nan	nan	nan	nan	0.943722	0.943722	1	15.8364	15.8364	1.88102	6	2032.971925	2035.474149	0.851305	0.851305
172	../workspaces-FLASHApp/default/flashtnt/input-files/mzML-files/example_spectrum_antibody.mzML	1	nan	0.008309	242	12200.508914	12192.868548	18303.5	6	8	131	0	nan	4250.000000	0	0	nan	nan	nan	nan	0.927842	0.906742	1	2.94473	14.1919	1.56186	6	2033.145844	2035.332596	0.743095	0.743095
173	../workspaces-FLASHApp/default/flashtnt/input-files/mzML-files/example_spectrum_antibody.mzML	1	nan	0.008309	242	12232.775267	12225.120809	80964.8	5	7	109	0	nan	4250.000000	0	0	nan	nan	nan	nan	0.991503	0.992748	1	29.5592	11.887	1.04862	7	1747.444307	1749.750611	0.956178	0.956178
174	../workspaces-FLASHApp/default/flashtnt/input-files/mzML-files/example_spectrum_antibody.mzML	1	nan	0.008309	242	12255.748315	12248.080238	40327.7	6	8	156	0	nan	4250.000000	0	0	nan	nan	nan	nan	0.899873	0.770834	1	9.12707	5.48378	0.846171	6	2042.340826	2045.035819	0.680475	0.680475
175	../workspaces-FLASHApp/default/flashtnt/input-files/mzML-files/example_spectrum_antibody.mzML	1	nan	0.008309	242	12289.806590	12282.126877	92914.4	6	8	155	0	nan	4250.000000	0	0	nan	nan	nan	nan	0.983966	0.984676	1	14.7901	18.4836	1.0076	8	1536.261270	1538.283882	0.938493	0.938493
176	../workspaces-FLASHApp/default/flashtnt/input-files/mzML-files/example_spectrum_antibody.mzML	1	nan	0.008309	242	12289.963497	12282.283784	23705	6	7	82	0	nan	4250.000000	0	0	nan	nan	nan	nan	0.966119	0.840994	1	0.723399	1.67761	2.27192	6	2048.043842	2050.408802	0.816735	0.816735
177	../workspaces-FLASHApp/default/flashtnt/input-files/mzML-files/example_spectrum_antibody.mzML	1	nan	0.008309	242	12312.650271	12304.956487	27083.2	6	8	141	0	nan	4250.000000	0	0	nan	nan	nan	nan	0.902215	0.828337	1	4.00788	3.7119	1.18867	6	2051.995066	2054.344793	0.660111	0.660111
178	../workspaces-FLASHApp/default/flashtnt/input-files/mzML-files/example_spectrum_antibody.mzML	1	nan	0.008309	242	12390.924844	12383.191793	73119.6	6	8	158	0	nan	4250.000000	0	0	nan	nan	nan	nan	0.983843	0.988125	1	22.7225	9.84066	0.941665	7	1770.025445	1772.314679	0.947452	0.947452
179	../workspaces-FLASHApp/default/flashtnt/input-files/mzML-files/example_spectrum_antibody.mzML	1	nan	0.008309	242	12482.831932	12475.012407	30355.3	6	7	108	0	nan	4250.000000	0	0	nan	nan	nan	nan	0.852187	0.813728	1	11.9124	7.37862	1.28553	6	2080.167839	2083.028256	0.463229	0.463229
180	../workspaces-FLASHApp/default/flashtnt/input-files/mzML-files/example_spectrum_antibody.mzML	1	nan	0.008309	242	12565.904319	12558.046758	58405.8	6	8	152	0	nan	4250.000000	0	0	nan	nan	nan	nan	0.975985	0.962089	1	8.84936	8.86556	1.11801	7	1795.002383	1797.457725	0.919978	0.919978
181	../workspaces-FLASHApp/default/flashtnt/input-files/mzML-files/example_spectrum_antibody.mzML	1	nan	0.008309	242	12582.967002	12575.095599	42088.6	6	9	187	0	nan	4250.000000	0	0	nan	nan	nan	nan	0.962722	0.936207	1	7.35366	20.2379	1.6752	6	2096.849841	2099.539401	0.874347	0.874347
182	../workspaces-FLASHApp/default/flashtnt/input-files/mzML-files/example_spectrum_antibody.mzML	1	nan	0.008309	242	12583.866699	12575.995296	32346.4	6	7	90	0	nan	4250.000000	0	0	nan	nan	nan	nan	0.97698	0.973492	1	8.70218	29.5681	1.60288	6	2096.997860	2099.493772	0.908858	0.908858
183	../workspaces-FLASHApp/default/flashtnt/input-files/mzML-files/example_spectrum_antibody.mzML	1	nan	0.008309	242	12602.098940	12594.213199	13559.5	6	7	82	0	nan	4250.000000	0	0	nan	nan	nan	nan	0.856508	0.774425	1	4.35319	5.64231	1.83171	7	1800.171670	1802.628554	0.392452	0.392452
184	../workspaces-FLASHApp/default/flashtnt/input-files/mzML-files/example_spectrum_antibody.mzML	1	nan	0.008309	242	12603.149958	12595.264216	26255.3	6	9	189	0	nan	4250.000000	0	0	nan	nan	nan	nan	0.918031	0.885674	1	2.78287	16.8631	1.3546	9	1400.475448	1402.385281	0.701262	0.701262
185	../workspaces-FLASHApp/default/flashtnt/input-files/mzML-files/example_spectrum_antibody.mzML	1	nan	0.008309	242	12621.203939	12613.306371	77644.6	5	9	223	0	nan	4250.000000	0	0	nan	nan	nan	nan	0.986703	0.988026	1	25.0009	57.2182	0.885946	7	1802.900843	1805.345127	0.945547	0.945547
186	../workspaces-FLASHApp/default/flashtnt/input-files/mzML-files/example_spectrum_antibody.mzML	1	nan	0.008309	242	12644.200850	12636.303283	41311.9	6	9	202	0	nan	4250.000000	0	0	nan	nan	nan	nan	0.883147	0.918973	1	3.04753	8.3786	1.2121	9	1405.254240	1406.817151	0.578021	0.578021
187	../workspaces-FLASHApp/default/flashtnt/input-files/mzML-files/example_spectrum_antibody.mzML	1	nan	0.008309	242	12679.100053	12671.165304	64553.2	6	9	205	0	nan	4250.000000	0	0	nan	nan	nan	nan	0.952813	0.989747	1	7.91709	36.1991	1.26436	7	1811.162263	1813.623373	0.867244	0.867244
188	../workspaces-FLASHApp/default/flashtnt/input-files/mzML-files/example_spectrum_antibody.mzML	1	nan	0.008309	242	12697.068318	12689.121758	54129.7	6	8	158	0	nan	4250.000000	0	0	nan	nan	nan	nan	0.904559	0.995595	1	4.98739	10.5439	1.18453	6	2116.016782	2118.373306	0.719309	0.719309
189	../workspaces-FLASHApp/default/flashtnt/input-files/mzML-files/example_spectrum_antibody.mzML	1	nan	0.008309	242	12698.086504	12690.139944	57796.5	6	9	200	0	nan	4250.000000	0	0	nan	nan	nan	nan	0.852311	0.964463	1	2.8648	10.3171	1.15405	6	2116.016782	2118.384868	0.441427	0.441427
190	../workspaces-FLASHApp/default/flashtnt/input-files/mzML-files/example_spectrum_antibody.mzML	1	nan	0.008309	242	12705.279154	12697.332593	42772.1	6	9	205	0	nan	4250.000000	0	0	nan	nan	nan	nan	0.893166	0.820238	1	1.29715	7.71486	1.47122	9	1411.817156	1413.725032	0.542504	0.542504
191	../workspaces-FLASHApp/default/flashtnt/input-files/mzML-files/example_spectrum_antibody.mzML	1	nan	0.008309	242	12707.548470	12699.601909	14918.6	6	7	52	0	nan	4250.000000	0	0	nan	nan	nan	nan	0.881296	0.829234	1	1.02748	0.793022	1.8335	7	1815.236331	1817.678184	0.493194	0.493194
192	../workspaces-FLASHApp/default/flashtnt/input-files/mzML-files/example_spectrum_antibody.mzML	1	nan	0.008309	242	12722.297368	12714.336995	33206.6	6	8	145	0	nan	4250.000000	0	0	nan	nan	nan	nan	0.93109	0.945314	1	10.2673	30.1103	1.31235	8	1590.288947	1592.441832	0.810305	0.810305
193	../workspaces-FLASHApp/default/flashtnt/input-files/mzML-files/example_spectrum_antibody.mzML	1	nan	0.008309	242	12743.258757	12735.298384	20670	6	9	175	0	nan	4250.000000	0	0	nan	nan	nan	nan	0.870741	0.64715	1	2.40895	4.30734	1.47556	9	1416.034756	1417.830903	0.404412	0.404412
194	../workspaces-FLASHApp/default/flashtnt/input-files/mzML-files/example_spectrum_antibody.mzML	1	nan	0.008309	242	12758.295022	12750.320346	28481.5	6	9	182	0	nan	4250.000000	0	0	nan	nan	nan	nan	0.870905	0.909467	1	2.34672	13.8703	1.10689	9	1417.704302	1419.611443	0.498790	0.498790
195	../workspaces-FLASHApp/default/flashtnt/input-files/mzML-files/example_spectrum_antibody.mzML	1	nan	0.008309	242	12805.445109	12797.446948	32624.2	6	8	140	0	nan	4250.000000	0	0	nan	nan	nan	nan	0.869804	0.915518	1	3.40129	4.30346	1.56402	8	1600.679499	1602.830698	0.512401	0.512401
196	../workspaces-FLASHApp/default/flashtnt/input-files/mzML-files/example_spectrum_antibody.mzML	1	nan	0.008309	242	12821.402389	12813.387829	70150.2	6	8	166	0	nan	4250.000000	0	0	nan	nan	nan	nan	0.95468	0.972845	1	19.0642	35.0141	0.987549	7	1831.624368	1833.931735	0.896154	0.896154
197	../workspaces-FLASHApp/default/flashtnt/input-files/mzML-files/example_spectrum_antibody.mzML	1	nan	0.008309	242	12844.217243	12836.202684	156147	5	8	180	0	nan	4250.000000	0	0	nan	nan	nan	nan	0.98995	0.995812	1	16.5695	5.46396	0.947527	6	2140.535167	2143.226882	0.951751	0.951751
198	../workspaces-FLASHApp/default/flashtnt/input-files/mzML-files/example_spectrum_antibody.mzML	1	nan	0.008309	242	12908.511059	12900.447661	15913.7	5	6	56	0	nan	4250.000000	0	0	nan	nan	nan	nan	0.962755	0.963488	1	22.7097	23.2952	1.09058	6	2151.072276	2153.937986	0.913256	0.913256
199	../workspaces-FLASHApp/default/flashtnt/input-files/mzML-files/example_spectrum_antibody.mzML	1	nan	0.008309	242	13067.657710	13059.514906	74663.6	6	10	220	0	nan	4250.000000	0	0	nan	nan	nan	nan	0.938201	0.850322	1	19.9178	9.17826	1.09319	6	2177.577231	2180.447794	0.850246	0.850246
200	../workspaces-FLASHApp/default/flashtnt/input-files/mzML-files/example_spectrum_antibody.mzML	1	nan	0.008309	242	13068.694959	13060.552154	10595.9	6	6	42	0	nan	4250.000000	0	0	nan	nan	nan	nan	0.875853	0.875853	1	8.6125	8.6125	1.32821	6	2177.926702	2180.447794	0.577476	0.577476
201	../workspaces-FLASHApp/default/flashtnt/input-files/mzML-files/example_spectrum_antibody.mzML	1	nan	0.008309	242	13142.579071	13134.389605	7708.03	6	6	45	0	nan	4250.000000	0	0	nan	nan	nan	nan	0.867115	0.867115	1	11.6556	11.6556	1.09157	6	2190.065545	2193.094800	0.555673	0.555673
202	../workspaces-FLASHApp/default/flashtnt/input-files/mzML-files/example_spectrum_antibody.mzML	1	nan	0.008309	242	13153.765108	13145.561924	44831.2	6	8	150	0	nan	4250.000000	0	0	nan	nan	nan	nan	0.959587	0.917949	1	10.102	15.0604	1.30463	6	2191.926151	2194.447217	0.882417	0.882417
203	../workspaces-FLASHApp/default/flashtnt/input-files/mzML-files/example_spectrum_antibody.mzML	1	nan	0.008309	242	13154.745305	13146.542121	6462.55	6	6	44	0	nan	4250.000000	0	0	nan	nan	nan	nan	0.897975	0.897975	1	10.948	10.948	1.28175	6	2192.084351	2195.117797	0.695814	0.695814
204	../workspaces-FLASHApp/default/flashtnt/input-files/mzML-files/example_spectrum_antibody.mzML	1	nan	0.008309	242	13255.852070	13247.597569	56271	6	10	207	0	nan	4250.000000	0	0	nan	nan	nan	nan	0.954962	0.872136	1	7.76426	12.4321	1.41019	6	2209.098906	2211.119434	0.856682	0.856682
205	../workspaces-FLASHApp/default/flashtnt/input-files/mzML-files/example_spectrum_antibody.mzML	1	nan	0.008309	242	13358.769055	13350.451940	6087.07	6	6	44	0	nan	4250.000000	0	0	nan	nan	nan	nan	0.942572	0.942572	1	16.7742	16.7742	1.45985	6	2226.075683	2229.105105	0.859134	0.859134
206	../workspaces-FLASHApp/default/flashtnt/input-files/mzML-files/example_spectrum_antibody.mzML	1	nan	0.008309	242	13365.083002	13356.765888	47043.9	7	9	153	0	nan	4250.000000	0	0	nan	nan	nan	nan	0.855972	0.928758	1	2.1451	4.20789	1.47988	8	1670.595522	1672.864903	0.432247	0.432247
207	../workspaces-FLASHApp/default/flashtnt/input-files/mzML-files/example_spectrum_antibody.mzML	1	nan	0.008309	242	13406.007233	13397.664782	57230.1	6	10	213	0	nan	4250.000000	0	0	nan	nan	nan	nan	0.858574	0.805111	1	0.150313	4.09659	1.26999	8	1675.708137	1677.979796	0.346768	0.346768
208	../workspaces-FLASHApp/default/flashtnt/input-files/mzML-files/example_spectrum_antibody.mzML	1	nan	0.008309	242	13509.841295	13501.445333	12358	6	7	61	0	nan	4250.000000	0	0	nan	nan	nan	nan	0.907753	0.891724	1	4.31168	12.7085	1.36204	7	1929.774040	1932.088120	0.683509	0.683509
209	../workspaces-FLASHApp/default/flashtnt/input-files/mzML-files/example_spectrum_antibody.mzML	1	nan	0.008309	242	13537.206348	13528.798738	21829.2	6	10	169	0	nan	4250.000000	0	0	nan	nan	nan	nan	0.858508	0.780638	1	2.98639	4.24972	1.42656	8	1692.227175	1694.367105	0.407523	0.407523
210	../workspaces-FLASHApp/default/flashtnt/input-files/mzML-files/example_spectrum_antibody.mzML	1	nan	0.008309	242	13706.422200	13697.870535	155762	6	9	211	0	nan	4250.000000	0	0	nan	nan	nan	nan	0.995107	0.989151	1	39.4023	55.063	1.38903	7	1957.984456	1960.431818	0.954667	0.954667
211	../workspaces-FLASHApp/default/flashtnt/input-files/mzML-files/example_spectrum_antibody.mzML	1	nan	0.008309	242	14249.981401	14241.112849	21476.4	6	8	99	0	nan	4250.000000	0	0	nan	nan	nan	nan	0.885835	0.916964	1	2.14051	20.1017	1.28565	7	2035.441481	2038.035543	0.555283	0.555283
212	../workspaces-FLASHApp/default/flashtnt/input-files/mzML-files/example_spectrum_antibody.mzML	1	nan	0.008309	242	14551.418107	14542.361487	58402.2	7	11	233	0	nan	4250.000000	0	0	nan	nan	nan	nan	0.894319	0.90725	1	2.55472	18.5723	1.44319	8	1818.790583	1821.193534	0.594538	0.594538
213	../workspaces-FLASHApp/default/flashtnt/input-files/mzML-files/example_spectrum_antibody.mzML	1	nan	0.008309	242	14552.374207	14543.317587	56761	7	9	174	0	nan	4250.000000	0	0	nan	nan	nan	nan	0.907893	0.893631	1	4.39823	17.6153	1.05188	8	1818.910158	1821.184318	0.692840	0.692840
214	../workspaces-FLASHApp/default/flashtnt/input-files/mzML-files/example_spectrum_antibody.mzML	1	nan	0.008309	242	14739.642437	14730.398519	11769.4	7	7	47	0	nan	4250.000000	0	0	nan	nan	nan	nan	0.974477	0.974477	1	34.4635	34.4635	1.90251	7	2105.506753	2108.224469	0.926102	0.926102
215	../workspaces-FLASHApp/default/flashtnt/input-files/mzML-files/example_spectrum_antibody.mzML	1	nan	0.008309	242	14826.732154	14817.436763	59335.6	7	9	151	0	nan	4250.000000	0	0	nan	nan	nan	nan	0.96603	0.953596	1	10.5538	36.7553	1.30924	8	1853.324201	1855.701143	0.894707	0.894707
216	../workspaces-FLASHApp/default/flashtnt/input-files/mzML-files/example_spectrum_antibody.mzML	1	nan	0.008309	242	21530.157026	21516.718554	11358.1	9	10	53	0	nan	4250.000000	0	0	nan	nan	nan	nan	0.887131	0.911452	1	3.14643	6.30222	1.49021	10	2152.966319	2155.100109	0.587974	0.587974
217	../workspaces-FLASHApp/default/flashtnt/input-files/mzML-files/example_spectrum_antibody.mzML	1	nan	0.008309	242	21642.292968	21628.791406	47990.3	10	15	236	0	nan	4250.000000	0	0	nan	nan	nan	nan	0.851196	0.88424	0.795878	1.59773	19.9453	1.80448	11	1967.522057	1969.551943	0.343251	0.343251
218	../workspaces-FLASHApp/default/flashtnt/input-files/mzML-files/example_spectrum_antibody.mzML	1	nan	0.008309	242	21644.185653	21630.684091	17919.8	9	11	97	0	nan	4250.000000	0	0	nan	nan	nan	nan	0.941144	0.891823	0.704045	3.62117	2.03135	1.76365	10	2164.968463	2166.593867	0.806426	0.806426
219	../workspaces-FLASHApp/default/flashtnt/input-files/mzML-files/example_spectrum_antibody.mzML	1	nan	0.008309	242	21804.498083	21790.903248	41839.8	10	14	244	0	nan	4250.000000	0	0	nan	nan	nan	nan	0.892669	0.909251	0.740371	2.4811	13.4444	1.65801	11	1982.257875	1984.289652	0.582172	0.582172
220	../workspaces-FLASHApp/default/flashtnt/input-files/mzML-files/example_spectrum_antibody.mzML	1	nan	0.008309	242	22308.029968	22294.144633	59758.9	10	14	251	0	nan	4250.000000	0	0	nan	nan	nan	nan	0.898006	0.961666	0.79551	3.93086	55.7965	1.67348	11	2028.013789	2030.040416	0.622424	0.622424
221	../workspaces-FLASHApp/default/flashtnt/input-files/mzML-files/example_spectrum_antibody.mzML	1	nan	0.008309	242	22905.568692	22891.220785	100172	10	17	394	0	nan	4250.000000	0	0	nan	nan	nan	nan	0.850144	0.734943	0.704357	2.25584	5.83195	2.01163	12	1908.935297	1910.865269	0.312769	0.312769
222	../workspaces-FLASHApp/default/flashtnt/input-files/mzML-files/example_spectrum_antibody.mzML	1	nan	0.008309	242	22937.454888	22923.095443	373776	10	16	407	0	nan	4250.000000	0	0	nan	nan	nan	nan	0.982727	0.991935	0.984965	7.86033	98.0835	1.66702	11	2085.284708	2087.397808	0.910087	0.910087
223	../workspaces-FLASHApp/default/flashtnt/input-files/mzML-files/example_spectrum_antibody.mzML	1	nan	0.008309	242	22960.433764	22946.051684	18843.3	10	10	66	0	nan	4250.000000	0	0	nan	nan	nan	nan	0.921109	0.921109	1	39.185	39.185	0.97282	10	2296.004142	2298.327999	0.831884	0.831884
224	../workspaces-FLASHApp/default/flashtnt/input-files/mzML-files/example_spectrum_antibody.mzML	1	nan	0.008309	242	22960.720944	22946.338865	101797	10	14	296	0	nan	4250.000000	0	0	nan	nan	nan	nan	0.922638	0.948558	0.745107	1.04003	4.95435	2.23915	11	2087.397808	2089.514122	0.689168	0.689168
225	../workspaces-FLASHApp/default/flashtnt/input-files/mzML-files/example_spectrum_antibody.mzML	1	nan	0.008309	242	24538.145431	24522.850580	49487.1	11	16	288	0	nan	4250.000000	0	0	nan	nan	nan	nan	0.877634	0.795362	0.886302	2.00578	7.58534	1.71312	11	2230.890743	2232.628490	0.464363	0.464363
226	../workspaces-FLASHApp/default/flashtnt/input-files/mzML-files/example_spectrum_antibody.mzML	1	nan	0.008309	242	24539.256121	24523.961270	54643	11	16	292	0	nan	4250.000000	0	0	nan	nan	nan	nan	0.856666	0.833097	0.98331	1.77763	7.63884	1.83296	11	2230.903238	2232.628490	0.368400	0.368400
227	../workspaces-FLASHApp/default/flashtnt/input-files/mzML-files/example_spectrum_antibody.mzML	1	nan	0.008309	242	24871.651046	24856.175582	59631.2	11	13	106	0	nan	4250.000000	0	0	nan	nan	nan	nan	0.914683	0.914443	1	0.553132	2.79337	1.35229	13	1913.324028	1915.191090	0.671368	0.671368
228	../workspaces-FLASHApp/default/flashtnt/input-files/mzML-files/example_spectrum_antibody.mzML	1	nan	0.008309	242	25165.385845	25149.698577	45471.5	11	15	270	0	nan	4250.000000	0	0	nan	nan	nan	nan	0.854113	0.85046	0.923261	2.24721	8.37374	2.20822	15	1677.914594	1679.537611	0.355112	0.355112
229	../workspaces-FLASHApp/default/flashtnt/input-files/mzML-files/example_spectrum_antibody.mzML	1	nan	0.008309	242	27659.050396	27641.808624	100490	12	18	323	0	nan	4250.000000	0	0	nan	nan	nan	nan	0.874906	0.683791	0.744315	1.64342	6.61186	1.96134	15	1844.181203	1845.806897	0.393113	0.393113
230	../workspaces-FLASHApp/default/flashtnt/input-files/mzML-files/example_spectrum_antibody.mzML	1	nan	0.008309	242	28673.413979	28655.483780	140404	12	18	377	0	nan	4250.000000	0	0	nan	nan	nan	nan	0.881337	0.880698	0.979074	0.782858	13.123	1.78576	15	1911.697544	1913.453046	0.467272	0.467272
231	../workspaces-FLASHApp/default/flashtnt/input-files/mzML-files/example_spectrum_antibody.mzML	1	nan	0.008309	242	28948.832544	28930.746926	37132.5	13	18	296	0	nan	4250.000000	0	0	nan	nan	nan	nan	0.863777	0.748728	0.870071	0.826863	9.62936	1.95431	15	1930.045477	1931.806183	0.337224	0.337224
232	../workspaces-FLASHApp/default/flashtnt/input-files/mzML-files/example_spectrum_antibody.mzML	1	nan	0.008309	242	28950.041052	28931.955435	31733.8	13	17	234	0	nan	4250.000000	0	0	nan	nan	nan	nan	0.858541	0.721597	0.863252	0.353537	7.32804	2.43121	15	1930.125914	1931.876661	0.275495	0.275495
233	../workspaces-FLASHApp/default/flashtnt/input-files/mzML-files/example_spectrum_antibody.mzML	1	nan	0.008309	242	29514.596931	29496.185222	14339.4	13	15	117	0	nan	4250.000000	0	0	nan	nan	nan	nan	0.871684	0.776275	1	0.45917	5.9134	2.30353	15	1967.946416	1969.551943	0.361145	0.361145
234	../workspaces-FLASHApp/default/flashtnt/input-files/mzML-files/example_spectrum_antibody.mzML	1	nan	0.008309	242	33555.858941	33534.861469	84322.8	16	23	509	0	nan	4250.000000	0	0	nan	nan	nan	nan	0.852562	0.658332	0.835394	1.28028	6.33563	1.84186	16	2097.362282	2099.140199	0.284243	0.284243
235	../workspaces-FLASHApp/default/flashtnt/input-files/mzML-files/example_spectrum_antibody.mzML	1	nan	0.008309	242	37660.027965	37636.534672	33393.3	16	20	264	0	nan	4250.000000	0	0	nan	nan	nan	nan	0.857875	0.792713	0.826226	0.482837	6.79658	2.09676	19	1982.341598	1983.734269	0.313780	0.313780
236	../workspaces-FLASHApp/default/flashtnt/input-files/mzML-files/example_spectrum_antibody.mzML	1	nan	0.008309	242	37963.959714	37940.237243	33774	16	22	302	0	nan	4250.000000	0	0	nan	nan	nan	nan	0.855026	0.662407	0.706437	0.590679	7.70866	2.1966	21	1808.149895	1809.554731	0.260685	0.260685
237	../workspaces-FLASHApp/default/flashtnt/input-files/mzML-files/example_spectrum_antibody.mzML	1	nan	0.008309	242	39437.576099	39412.893424	40465.7	17	21	257	0	nan	4250.000000	0	0	nan	nan	nan	nan	0.854297	0.747336	0.718477	0.647925	11.216	2.13051	21	1878.275469	1879.685526	0.282285	0.282285
238	../workspaces-FLASHApp/default/flashtnt/input-files/mzML-files/example_spectrum_antibody.mzML	1	nan	0.008309	242	48673.248320	48642.844808	71220	22	25	272	0	nan	4250.000000	0	0	nan	nan	nan	nan	0.853346	0.709086	0.759336	0.613423	13.225	1.77685	25	1947.364067	1948.658833	0.276560	0.276560
239	../workspaces-FLASHApp/default/flashtnt/input-files/mzML-files/example_spectrum_antibody.mzML	1	nan	0.008309	242	51074.123290	51042.207153	17875.2	23	25	172	0	nan	4250.000000	0	0	nan	nan	nan	nan	0.856739	0.726735	0.990034	35.3915	19.1327	1.86163	24	2128.386010	2129.690659	0.478006	0.478006
240	../workspaces-FLASHApp/default/flashtnt/input-files/mzML-files/example_spectrum_antibody.mzML	1	nan	0.008309	242	51122.701715	51090.757791	20587.6	22	26	184	0	nan	4250.000000	0	0	nan	nan	nan	nan	0.877883	0.744137	0.900456	37.3635	17.064	2.24505	26	1966.663407	1967.936064	0.575229	0.575229
241	../workspaces-FLASHApp/default/flashtnt/input-files/mzML-files/example_spectrum_antibody.mzML	1	nan	0.008309	242	51482.321681	51450.179057	77082.1	24	29	450	0	nan	4250.000000	0	0	nan	nan	nan	nan	0.850711	0.733964	0.754875	1.02372	21.16	1.98084	25	2059.610436	2060.941104	0.271514	0.271514
242	../workspaces-FLASHApp/default/flashtnt/input-files/mzML-files/example_spectrum_antibody.mzML	1	nan	0.008309	242	53089.038992	53055.835440	24600.5	22	27	221	0	nan	4250.000000	0	0	nan	nan	nan	nan	0.866668	0.74607	0.884991	2.08557	18.8737	2.09665	27	1966.663407	1967.946416	0.363894	0.363894
