Index	FileName	ScanNum	FeatureIndex	TargetDecoyType	RetentionTime	MassCountInSpec	AverageMass	MonoisotopicMass	SumIntensity	MinCharge	MaxCharge	PeakCount	PrecursorScanNum	PrecursorFeatureIndex	PrecursorMz	PrecursorIntensity	PrecursorCharge	PrecursorSNR	PrecursorMonoisotopicMass	PrecursorQscore	PrecursorQscore2D	PrecursorQvalue	IsotopeCosine	ChargeCosine	ChargeScore	MassSNR	ChargeSNR	AveragePPMError	RepresentativeCharge	RepresentativeMzStart	RepresentativeMzEnd	Qscore	Qscore2D	Qvalue	
1	../workspaces-FLASHApp/demo_aqpz/flashdeconv/input-files/mzML-files/example_spectrum_aqpz.mzML	1	nan	0	0.073501	207	947.054051	946.508206	100.209	1	1	13	0	nan	5208.000000	0	0	nan	nan	nan	nan	nan	0.988161	0.988161	1	93.3768	93.3768	1.03287	1	947.508705	948.522558	0.959293	0.959293	0
2	../workspaces-FLASHApp/demo_aqpz/flashdeconv/input-files/mzML-files/example_spectrum_aqpz.mzML	1	nan	0	0.073501	207	964.092431	963.535213	177.86	1	1	15	0	nan	5208.000000	0	0	nan	nan	nan	nan	nan	0.989679	0.989679	1	100.242	100.242	0.523834	1	964.536418	965.551055	0.964371	0.964371	0
3	../workspaces-FLASHApp/demo_aqpz/flashdeconv/input-files/mzML-files/example_spectrum_aqpz.mzML	1	nan	0	0.073501	207	975.060462	974.503245	149.027	1	1	14	0	nan	5208.000000	0	0	nan	nan	nan	nan	nan	0.983602	0.983602	1	67.8012	67.8012	0.47685	1	975.504300	976.518209	0.957157	0.957157	0
4	../workspaces-FLASHApp/demo_aqpz/flashdeconv/input-files/mzML-files/example_spectrum_aqpz.mzML	1	nan	0	0.073501	207	992.098593	991.530037	260.459	1	1	16	0	nan	5208.000000	0	0	nan	nan	nan	nan	nan	0.986473	0.986473	1	82.4051	82.4051	0.265823	1	992.530385	993.546277	0.962375	0.962375	0
5	../workspaces-FLASHApp/demo_aqpz/flashdeconv/input-files/mzML-files/example_spectrum_aqpz.mzML	1	nan	0	0.073501	207	1028.056367	1027.464027	127.408	1	1	14	0	nan	5208.000000	0	0	nan	nan	nan	nan	nan	0.984415	0.984415	1	74.15	74.15	0.581313	1	1028.463669	1029.479044	0.957749	0.957749	0
6	../workspaces-FLASHApp/demo_aqpz/flashdeconv/input-files/mzML-files/example_spectrum_aqpz.mzML	1	nan	0	0.073501	207	1050.049625	1049.446176	378.201	1	1	21	0	nan	5208.000000	0	0	nan	nan	nan	nan	nan	0.995964	0.995964	1	287.643	287.643	0.789452	1	1050.446200	1052.464254	0.972849	0.972849	0
7	../workspaces-FLASHApp/demo_aqpz/flashdeconv/input-files/mzML-files/example_spectrum_aqpz.mzML	1	nan	0	0.073501	207	1197.286604	1196.585983	122.535	1	1	13	0	nan	5208.000000	0	0	nan	nan	nan	nan	nan	0.977936	0.977936	1	57.0786	57.0786	0.328184	1	1197.586037	1198.601210	0.951780	0.951780	0
8	../workspaces-FLASHApp/demo_aqpz/flashdeconv/input-files/mzML-files/example_spectrum_aqpz.mzML	1	nan	0	0.073501	207	1214.325283	1213.612799	111.672	1	1	13	0	nan	5208.000000	0	0	nan	nan	nan	nan	nan	0.977995	0.977995	1	57.8532	57.8532	0.279364	1	1214.612030	1215.628836	0.952360	0.952360	0
9	../workspaces-FLASHApp/demo_aqpz/flashdeconv/input-files/mzML-files/example_spectrum_aqpz.mzML	1	nan	0	0.073501	207	1242.342576	1241.606897	226.158	1	1	15	0	nan	5208.000000	0	0	nan	nan	nan	nan	nan	0.975563	0.975563	1	4.07354	4.07354	0.334467	1	1242.605878	1243.624252	0.922243	0.922243	0
10	../workspaces-FLASHApp/demo_aqpz/flashdeconv/input-files/mzML-files/example_spectrum_aqpz.mzML	1	nan	0	0.073501	207	1256.358481	1255.622802	124.135	1	1	14	0	nan	5208.000000	0	0	nan	nan	nan	nan	nan	0.969233	0.969233	1	41.6562	41.6562	0.645335	1	1256.621307	1257.641101	0.936028	0.936028	0
11	../workspaces-FLASHApp/demo_aqpz/flashdeconv/input-files/mzML-files/example_spectrum_aqpz.mzML	1	nan	0	0.073501	207	1271.383388	1270.633898	134.233	1	1	14	0	nan	5208.000000	0	0	nan	nan	nan	nan	nan	0.973857	0.973857	1	49.968	49.968	0.327016	1	1271.632822	1272.652110	0.946463	0.946463	0
12	../workspaces-FLASHApp/demo_aqpz/flashdeconv/input-files/mzML-files/example_spectrum_aqpz.mzML	1	nan	0	0.073501	207	1299.389832	1298.628552	276.197	1	1	16	0	nan	5208.000000	0	0	nan	nan	nan	nan	nan	0.971903	0.971903	1	27.9164	27.9164	0.152329	1	1299.626173	1300.648405	0.940293	0.940293	0
13	../workspaces-FLASHApp/demo_aqpz/flashdeconv/input-files/mzML-files/example_spectrum_aqpz.mzML	1	nan	0	0.073501	207	1400.569949	1399.675308	111.61	1	1	12	0	nan	5208.000000	0	0	nan	nan	nan	nan	nan	0.952022	0.952022	1	29.58	29.58	0.610239	1	1400.674254	1401.693950	0.905921	0.905921	0.00970874
14	../workspaces-FLASHApp/demo_aqpz/flashdeconv/input-files/mzML-files/example_spectrum_aqpz.mzML	1	nan	0	0.073501	207	1427.591548	1426.685525	995.038	1	1	28	0	nan	5208.000000	0	0	nan	nan	nan	nan	nan	0.990148	0.990148	1	5.35103	5.35103	0.442751	1	1427.683853	1431.711086	0.942813	0.942813	0
15	../workspaces-FLASHApp/demo_aqpz/flashdeconv/input-files/mzML-files/example_spectrum_aqpz.mzML	1	nan	2	0.073501	207	1432.100039	1431.194016	131.135	1	1	13	0	nan	5208.000000	0	0	nan	nan	nan	nan	nan	0.942537	0.942537	1	1.41808	1.41808	0.423858	1	1432.192854	1433.211791	0.835126	0.835126	0
16	../workspaces-FLASHApp/demo_aqpz/flashdeconv/input-files/mzML-files/example_spectrum_aqpz.mzML	1	nan	0	0.073501	207	1502.674806	1501.722200	266.775	1	1	22	0	nan	5208.000000	0	0	nan	nan	nan	nan	nan	0.992214	0.992214	1	36.7269	36.7269	2.01955	1	1502.718605	1505.747824	0.947439	0.947439	0
17	../workspaces-FLASHApp/demo_aqpz/flashdeconv/input-files/mzML-files/example_spectrum_aqpz.mzML	1	nan	0	0.073501	207	1547.744333	1546.742822	131.636	1	1	14	0	nan	5208.000000	0	0	nan	nan	nan	nan	nan	0.939099	0.939099	1	24.4977	24.4977	0.449121	1	1547.739052	1548.764549	0.879553	0.879553	0.00970874
18	../workspaces-FLASHApp/demo_aqpz/flashdeconv/input-files/mzML-files/example_spectrum_aqpz.mzML	1	nan	2	0.073501	207	1597.396031	1596.368728	375.73	1	1	14	0	nan	5208.000000	0	0	nan	nan	nan	nan	nan	0.92005	0.92005	1	0.810273	0.810273	0.483606	1	1597.365270	1598.388759	0.747195	0.747195	0
19	../workspaces-FLASHApp/demo_aqpz/flashdeconv/input-files/mzML-files/example_spectrum_aqpz.mzML	1	nan	2	0.073501	207	1646.954726	1645.901316	179.338	1	1	14	0	nan	5208.000000	0	0	nan	nan	nan	nan	nan	0.927878	0.927878	1	1.88547	1.88547	0.195779	1	1646.896932	1647.923426	0.800416	0.800416	0
20	../workspaces-FLASHApp/demo_aqpz/flashdeconv/input-files/mzML-files/example_spectrum_aqpz.mzML	1	nan	0	0.073501	207	1660.857807	1659.804396	101.428	1	1	12	0	nan	5208.000000	0	0	nan	nan	nan	nan	nan	0.930363	0.930363	1	21.8452	21.8452	0.415126	1	1660.801891	1661.825353	0.856917	0.856917	0.00970874
21	../workspaces-FLASHApp/demo_aqpz/flashdeconv/input-files/mzML-files/example_spectrum_aqpz.mzML	1	nan	0	0.073501	207	1688.889537	1687.799064	373.885	1	1	19	0	nan	5208.000000	0	0	nan	nan	nan	nan	nan	0.987143	0.987143	1	5.50701	5.50701	0.217284	1	1688.795779	1690.821357	0.941872	0.941872	0
22	../workspaces-FLASHApp/demo_aqpz/flashdeconv/input-files/mzML-files/example_spectrum_aqpz.mzML	1	nan	2	0.073501	207	1703.915913	1702.825439	148.731	1	1	16	0	nan	5208.000000	0	0	nan	nan	nan	nan	nan	0.950906	0.950906	1	0.860763	0.860763	1.14561	1	1703.823385	1705.842784	0.834368	0.834368	0
23	../workspaces-FLASHApp/demo_aqpz/flashdeconv/input-files/mzML-files/example_spectrum_aqpz.mzML	1	nan	0	0.073501	207	1716.895739	1715.793466	222.295	1	1	19	0	nan	5208.000000	0	0	nan	nan	nan	nan	nan	0.986392	0.986392	1	27.6834	27.6834	0.109439	1	1716.790434	1718.816042	0.955556	0.955556	0
24	../workspaces-FLASHApp/demo_aqpz/flashdeconv/input-files/mzML-files/example_spectrum_aqpz.mzML	1	nan	0	0.073501	207	1733.922008	1732.819736	187.613	1	1	19	0	nan	5208.000000	0	0	nan	nan	nan	nan	nan	0.9834	0.9834	1	98.9139	98.9139	0.202838	1	1733.814884	1735.840699	0.961674	0.961674	0
25	../workspaces-FLASHApp/demo_aqpz/flashdeconv/input-files/mzML-files/example_spectrum_aqpz.mzML	1	nan	2	0.073501	207	1775.513490	1774.383332	125.679	1	1	12	0	nan	5208.000000	0	0	nan	nan	nan	nan	nan	0.879908	0.879908	1	1.06319	1.06319	0.127389	1	1775.379281	1776.403967	0.581453	0.581453	0
26	../workspaces-FLASHApp/demo_aqpz/flashdeconv/input-files/mzML-files/example_spectrum_aqpz.mzML	1	nan	0	0.073501	207	1783.023696	1781.893538	108.403	1	1	13	0	nan	5208.000000	0	0	nan	nan	nan	nan	nan	0.911263	0.911263	1	17.3991	17.3991	0.0400226	1	1782.887520	1783.914247	0.804716	0.804716	0.0281197
27	../workspaces-FLASHApp/demo_aqpz/flashdeconv/input-files/mzML-files/example_spectrum_aqpz.mzML	1	nan	2	0.073501	207	1789.114534	1787.972626	178.426	1	1	17	0	nan	5208.000000	0	0	nan	nan	nan	nan	nan	0.902243	0.902243	1	0.410657	0.410657	0.93323	1	1788.967027	1790.995948	0.640971	0.640971	0
28	../workspaces-FLASHApp/demo_aqpz/flashdeconv/input-files/mzML-files/example_spectrum_aqpz.mzML	1	nan	0	0.073501	207	1802.024179	1800.882271	335.051	1	1	20	0	nan	5208.000000	0	0	nan	nan	nan	nan	nan	0.984363	0.984363	1	13.1503	13.1503	0.354571	1	1801.876891	1803.905114	0.945192	0.945192	0
29	../workspaces-FLASHApp/demo_aqpz/flashdeconv/input-files/mzML-files/example_spectrum_aqpz.mzML	1	nan	0	0.073501	207	1830.031295	1828.877650	330.784	1	1	19	0	nan	5208.000000	0	0	nan	nan	nan	nan	nan	0.981292	0.981292	1	11.9719	11.9719	0.235368	1	1829.871934	1831.901147	0.942047	0.942047	0
30	../workspaces-FLASHApp/demo_aqpz/flashdeconv/input-files/mzML-files/example_spectrum_aqpz.mzML	1	nan	0	0.073501	207	1847.071781	1845.902120	131.953	1	1	12	0	nan	5208.000000	0	0	nan	nan	nan	nan	nan	0.906436	0.906436	1	7.19914	7.19914	0.511007	1	1846.896696	1847.922715	0.745756	0.745756	0.0503568
31	../workspaces-FLASHApp/demo_aqpz/flashdeconv/input-files/mzML-files/example_spectrum_aqpz.mzML	1	nan	2	0.073501	207	1863.177632	1862.007971	193.286	1	1	14	0	nan	5208.000000	0	0	nan	nan	nan	nan	nan	0.907674	0.907674	1	1.90133	1.90133	0.300729	1	1863.001429	1864.031358	0.720198	0.720198	0
32	../workspaces-FLASHApp/demo_aqpz/flashdeconv/input-files/mzML-files/example_spectrum_aqpz.mzML	1	nan	0	0.073501	207	1873.136930	1871.955569	145.533	1	1	16	0	nan	5208.000000	0	0	nan	nan	nan	nan	nan	0.94897	0.94897	1	12.7641	12.7641	1.2268	1	1872.954867	1874.979186	0.874073	0.874073	0.00970874
33	../workspaces-FLASHApp/demo_aqpz/flashdeconv/input-files/mzML-files/example_spectrum_aqpz.mzML	1	nan	0	0.073501	207	1901.143316	1899.950270	759.559	1	1	25	0	nan	5208.000000	0	0	nan	nan	nan	nan	nan	0.995559	0.995559	1	2.35699	2.35699	0.433844	1	1900.943231	1903.977889	0.942579	0.942579	0
34	../workspaces-FLASHApp/demo_aqpz/flashdeconv/input-files/mzML-files/example_spectrum_aqpz.mzML	1	nan	0	0.073501	207	1918.193692	1916.975816	88.9673	1	1	11	0	nan	5208.000000	0	0	nan	nan	nan	nan	nan	0.889499	0.889499	1	14.132	14.132	0.337287	1	1917.970695	1918.996721	0.704053	0.704053	0.0723334
35	../workspaces-FLASHApp/demo_aqpz/flashdeconv/input-files/mzML-files/example_spectrum_aqpz.mzML	1	nan	0	0.073501	207	1929.163053	1927.945177	774.351	1	1	25	0	nan	5208.000000	0	0	nan	nan	nan	nan	nan	0.995199	0.995199	1	13.6815	13.6815	0.429333	1	1928.940980	1931.972349	0.955589	0.955589	0
36	../workspaces-FLASHApp/demo_aqpz/flashdeconv/input-files/mzML-files/example_spectrum_aqpz.mzML	1	nan	2	0.073501	207	1936.261135	1935.043259	232.712	1	1	17	0	nan	5208.000000	0	0	nan	nan	nan	nan	nan	0.895263	0.895263	1	0.737679	0.737679	1.11311	1	1936.043250	1938.069586	0.607989	0.607989	0
37	../workspaces-FLASHApp/demo_aqpz/flashdeconv/input-files/mzML-files/example_spectrum_aqpz.mzML	1	nan	2	0.073501	207	1991.246871	1989.991893	97.1165	1	1	11	0	nan	5208.000000	0	0	nan	nan	nan	nan	nan	0.880295	0.880295	1	1.29757	1.29757	0.297513	1	1990.985334	1992.012542	0.580763	0.580763	0
38	../workspaces-FLASHApp/demo_aqpz/flashdeconv/input-files/mzML-files/example_spectrum_aqpz.mzML	1	nan	2	0.073501	207	2004.743366	2003.488388	75.6584	1	1	10	0	nan	5208.000000	0	0	nan	nan	nan	nan	nan	0.886136	0.886136	1	0.847481	0.847481	0.47379	1	2004.486403	2005.508108	0.592796	0.592796	0
39	../workspaces-FLASHApp/demo_aqpz/flashdeconv/input-files/mzML-files/example_spectrum_aqpz.mzML	1	nan	0	0.073501	207	2048.301249	2047.021167	554.046	1	1	30	0	nan	5208.000000	0	0	nan	nan	nan	nan	nan	0.991121	0.991121	1	11.9106	11.9106	0.609305	1	2048.013836	2052.052335	0.949109	0.949109	0
40	../workspaces-FLASHApp/demo_aqpz/flashdeconv/input-files/mzML-files/example_spectrum_aqpz.mzML	1	nan	2	0.073501	207	2052.700540	2051.420458	71.849	1	1	10	0	nan	5208.000000	0	0	nan	nan	nan	nan	nan	0.871218	0.871218	1	0.788665	0.788665	0.240121	1	2052.416031	2053.441511	0.524559	0.524559	0
41	../workspaces-FLASHApp/demo_aqpz/flashdeconv/input-files/mzML-files/example_spectrum_aqpz.mzML	1	nan	0	0.073501	207	2065.339527	2064.045684	266.875	1	1	18	0	nan	5208.000000	0	0	nan	nan	nan	nan	nan	0.975415	0.975415	1	12.2104	12.2104	0.208939	1	2065.039665	2067.071364	0.935415	0.935415	0
42	../workspaces-FLASHApp/demo_aqpz/flashdeconv/input-files/mzML-files/example_spectrum_aqpz.mzML	1	nan	0	0.073501	207	2076.309421	2075.015578	490.255	1	1	24	0	nan	5208.000000	0	0	nan	nan	nan	nan	nan	0.989757	0.989757	1	13.9886	13.9886	0.392188	1	2076.008344	2079.043792	0.950968	0.950968	0
43	../workspaces-FLASHApp/demo_aqpz/flashdeconv/input-files/mzML-files/example_spectrum_aqpz.mzML	1	nan	2	0.073501	207	2086.420635	2085.126791	104.808	1	1	10	0	nan	5208.000000	0	0	nan	nan	nan	nan	nan	0.873969	0.873969	1	1.58012	1.58012	0.586765	1	2086.124751	2087.147342	0.540290	0.540290	0
44	../workspaces-FLASHApp/demo_aqpz/flashdeconv/input-files/mzML-files/example_spectrum_aqpz.mzML	1	nan	0	0.073501	207	2093.348227	2092.040910	581.584	1	1	35	0	nan	5208.000000	0	0	nan	nan	nan	nan	nan	0.970776	0.970776	1	8.56729	8.56729	0.809082	1	2093.036645	2098.069653	0.917182	0.917182	0.00970874
45	../workspaces-FLASHApp/demo_aqpz/flashdeconv/input-files/mzML-files/example_spectrum_aqpz.mzML	1	nan	0	0.073501	207	2105.350049	2104.042733	106.389	1	1	14	0	nan	5208.000000	0	0	nan	nan	nan	nan	nan	0.975059	0.975059	1	70.2138	70.2138	1.83431	1	2105.036292	2107.069987	0.936083	0.936083	0
46	../workspaces-FLASHApp/demo_aqpz/flashdeconv/input-files/mzML-files/example_spectrum_aqpz.mzML	1	nan	0	0.073501	207	2122.385900	2121.067083	305.276	1	1	17	0	nan	5208.000000	0	0	nan	nan	nan	nan	nan	0.971138	0.971138	1	12.3985	12.3985	0.408125	1	2122.060700	2124.090110	0.927514	0.927514	0
47	../workspaces-FLASHApp/demo_aqpz/flashdeconv/input-files/mzML-files/example_spectrum_aqpz.mzML	1	nan	0	0.073501	207	2133.355339	2132.036523	180.422	1	1	18	0	nan	5208.000000	0	0	nan	nan	nan	nan	nan	0.973004	0.973004	1	4.16721	4.16721	0.694956	1	2133.030834	2135.064309	0.913464	0.913464	0.00970874
48	../workspaces-FLASHApp/demo_aqpz/flashdeconv/input-files/mzML-files/example_spectrum_aqpz.mzML	1	nan	0	0.073501	207	2150.403418	2149.062171	587.617	1	1	23	0	nan	5208.000000	0	0	nan	nan	nan	nan	nan	0.990895	0.990895	1	1.07635	1.07635	0.543039	1	2150.052658	2153.088520	0.930196	0.930196	0
49	../workspaces-FLASHApp/demo_aqpz/flashdeconv/input-files/mzML-files/example_spectrum_aqpz.mzML	1	nan	0	0.073501	207	2179.443166	2178.088535	315.305	1	1	24	0	nan	5208.000000	0	0	nan	nan	nan	nan	nan	0.979776	0.979776	1	9.47956	9.47956	0.435837	1	2179.080915	2182.116799	0.935816	0.935816	0
50	../workspaces-FLASHApp/demo_aqpz/flashdeconv/input-files/mzML-files/example_spectrum_aqpz.mzML	1	nan	0	0.073501	207	2207.448637	2206.082585	526.777	1	1	23	0	nan	5208.000000	0	0	nan	nan	nan	nan	nan	0.994575	0.994575	1	13.9683	13.9683	0.419875	1	2207.075785	2210.109366	0.955259	0.955259	0
51	../workspaces-FLASHApp/demo_aqpz/flashdeconv/input-files/mzML-files/example_spectrum_aqpz.mzML	1	nan	0	0.073501	207	2243.858297	2242.465382	76.2175	1	1	10	0	nan	5208.000000	0	0	nan	nan	nan	nan	nan	0.85349	0.85349	1	0.667431	0.667431	0.21453	1	2243.460865	2244.487860	0.429643	0.429643	0.188522
52	../workspaces-FLASHApp/demo_aqpz/flashdeconv/input-files/mzML-files/example_spectrum_aqpz.mzML	1	nan	0	0.073501	207	2293.505992	2292.065706	135.908	1	1	17	0	nan	5208.000000	0	0	nan	nan	nan	nan	nan	0.965566	0.965566	1	12.318	12.318	0.729626	1	2293.055815	2295.094309	0.914646	0.914646	0.00970874
53	../workspaces-FLASHApp/demo_aqpz/flashdeconv/input-files/mzML-files/example_spectrum_aqpz.mzML	1	nan	2	0.073501	207	2357.056388	2355.581207	844.002	1	1	17	0	nan	5208.000000	0	0	nan	nan	nan	nan	nan	0.903976	0.903976	1	0.487674	0.487674	0.383696	1	2356.576532	2358.611308	0.674107	0.674107	0
54	../workspaces-FLASHApp/demo_aqpz/flashdeconv/input-files/mzML-files/example_spectrum_aqpz.mzML	1	nan	0	0.073501	207	2367.604584	2366.115111	252.231	1	1	22	0	nan	5208.000000	0	0	nan	nan	nan	nan	nan	0.978544	0.978544	1	12.1955	12.1955	0.607078	1	2367.107491	2370.141245	0.934969	0.934969	0
55	../workspaces-FLASHApp/demo_aqpz/flashdeconv/input-files/mzML-files/example_spectrum_aqpz.mzML	1	nan	2	0.073501	207	2394.107636	2392.606302	1154.36	1	1	22	0	nan	5208.000000	0	0	nan	nan	nan	nan	nan	0.862131	0.862131	1	0.408256	0.408256	0.48567	1	2393.601967	2396.638133	0.454395	0.454395	0
56	../workspaces-FLASHApp/demo_aqpz/flashdeconv/input-files/mzML-files/example_spectrum_aqpz.mzML	1	nan	2	0.073501	207	2394.777593	2393.276259	1219.99	1	1	21	0	nan	5208.000000	0	0	nan	nan	nan	nan	nan	0.932456	0.932456	1	0.471473	0.471473	0.609527	1	2394.269484	2397.305891	0.782922	0.782922	0
57	../workspaces-FLASHApp/demo_aqpz/flashdeconv/input-files/mzML-files/example_spectrum_aqpz.mzML	1	nan	2	0.073501	207	2432.484968	2430.969772	740.179	1	1	15	0	nan	5208.000000	0	0	nan	nan	nan	nan	nan	0.917548	0.917548	1	0.455329	0.455329	0.173173	1	2431.962824	2433.996935	0.740192	0.740192	0
58	../workspaces-FLASHApp/demo_aqpz/flashdeconv/input-files/mzML-files/example_spectrum_aqpz.mzML	1	nan	0	0.073501	207	2454.673147	2453.143713	138.733	1	1	15	0	nan	5208.000000	0	0	nan	nan	nan	nan	nan	0.952896	0.952896	1	3.93657	3.93657	0.443438	1	2454.135731	2456.169118	0.877718	0.877718	0.00970874
59	../workspaces-FLASHApp/demo_aqpz/flashdeconv/input-files/mzML-files/example_spectrum_aqpz.mzML	1	nan	2	0.073501	207	2515.919289	2514.350029	625.429	1	1	15	0	nan	5208.000000	0	0	nan	nan	nan	nan	nan	0.891601	0.891601	1	0.437698	0.437698	0.250115	1	2515.343583	2517.376966	0.618796	0.618796	0
60	../workspaces-FLASHApp/demo_aqpz/flashdeconv/input-files/mzML-files/example_spectrum_aqpz.mzML	1	nan	2	0.073501	207	2553.625932	2552.044886	337.072	1	1	16	0	nan	5208.000000	0	0	nan	nan	nan	nan	nan	0.899423	0.899423	1	0.675836	0.675836	0.676607	1	2553.034981	2555.070053	0.645579	0.645579	0
61	../workspaces-FLASHApp/demo_aqpz/flashdeconv/input-files/mzML-files/example_spectrum_aqpz.mzML	1	nan	0	0.073501	207	2579.832926	2578.231110	279.145	1	1	15	0	nan	5208.000000	0	0	nan	nan	nan	nan	nan	0.942536	0.942536	1	5.41098	5.41098	0.207263	1	2579.223756	2581.259134	0.863585	0.863585	0.00970874
62	../workspaces-FLASHApp/demo_aqpz/flashdeconv/input-files/mzML-files/example_spectrum_aqpz.mzML	1	nan	2	0.073501	207	2587.329964	2585.728148	386.568	1	1	15	0	nan	5208.000000	0	0	nan	nan	nan	nan	nan	0.912034	0.912034	1	0.473539	0.473539	0.676415	1	2586.719097	2588.753245	0.698663	0.698663	0
63	../workspaces-FLASHApp/demo_aqpz/flashdeconv/input-files/mzML-files/example_spectrum_aqpz.mzML	1	nan	2	0.073501	207	2587.663954	2586.062138	392.837	1	1	15	0	nan	5208.000000	0	0	nan	nan	nan	nan	nan	0.885776	0.885776	1	0.436714	0.436714	0.250933	1	2587.053970	2589.088983	0.589417	0.589417	0
64	../workspaces-FLASHApp/demo_aqpz/flashdeconv/input-files/mzML-files/example_spectrum_aqpz.mzML	1	nan	0	0.073501	207	2607.843691	2606.225768	357.698	1	2	31	0	nan	5208.000000	0	0	nan	nan	nan	nan	nan	0.971778	0.945467	1	6.36019	3.52527	1.3752	1	2607.213672	2610.254267	0.906363	0.906363	0.00970874
65	../workspaces-FLASHApp/demo_aqpz/flashdeconv/input-files/mzML-files/example_spectrum_aqpz.mzML	1	nan	2	0.073501	207	2625.052704	2623.423043	293.816	1	1	15	0	nan	5208.000000	0	0	nan	nan	nan	nan	nan	0.885849	0.885849	1	0.609764	0.609764	0.889436	1	2624.413339	2626.454582	0.566447	0.566447	0
66	../workspaces-FLASHApp/demo_aqpz/flashdeconv/input-files/mzML-files/example_spectrum_aqpz.mzML	1	nan	0	0.073501	207	2692.980653	2691.311533	228.069	1	1	21	0	nan	5208.000000	0	0	nan	nan	nan	nan	nan	0.982232	0.982232	1	15.4584	15.4584	0.803731	1	2692.299173	2695.340563	0.939842	0.939842	0
67	../workspaces-FLASHApp/demo_aqpz/flashdeconv/input-files/mzML-files/example_spectrum_aqpz.mzML	1	nan	2	0.073501	207	2705.472810	2703.803690	382.678	1	1	15	0	nan	5208.000000	0	0	nan	nan	nan	nan	nan	0.895946	0.895946	1	0.43832	0.43832	0.433128	1	2704.795855	2706.831443	0.632370	0.632370	0
68	../workspaces-FLASHApp/demo_aqpz/flashdeconv/input-files/mzML-files/example_spectrum_aqpz.mzML	1	nan	0	0.073501	207	2720.991902	2719.311099	475.236	1	2	39	0	nan	5208.000000	0	0	nan	nan	nan	nan	nan	0.986986	0.938106	1	4.92232	33.2474	0.662304	2	1360.656602	1361.674599	0.922416	0.922416	0
69	../workspaces-FLASHApp/demo_aqpz/flashdeconv/input-files/mzML-files/example_spectrum_aqpz.mzML	1	nan	0	0.073501	207	2739.013773	2737.332971	151.515	1	1	15	0	nan	5208.000000	0	0	nan	nan	nan	nan	nan	0.931357	0.931357	1	9.49221	9.49221	0.222673	1	2738.322410	2740.361957	0.845517	0.845517	0.00970874
70	../workspaces-FLASHApp/demo_aqpz/flashdeconv/input-files/mzML-files/example_spectrum_aqpz.mzML	1	nan	0	0.073501	207	2764.050342	2762.353574	357.82	1	2	31	0	nan	5208.000000	0	0	nan	nan	nan	nan	nan	0.97786	0.826891	1	7.47399	9.85554	0.963721	2	1382.679017	1383.194179	0.905220	0.905220	0.00970874
71	../workspaces-FLASHApp/demo_aqpz/flashdeconv/input-files/mzML-files/example_spectrum_aqpz.mzML	1	nan	0	0.073501	207	2772.182983	2770.474565	151.967	1	1	15	0	nan	5208.000000	0	0	nan	nan	nan	nan	nan	0.934967	0.934967	1	1.96459	1.96459	0.395799	1	2771.464106	2773.506168	0.818544	0.818544	0.0281197
72	../workspaces-FLASHApp/demo_aqpz/flashdeconv/input-files/mzML-files/example_spectrum_aqpz.mzML	1	nan	0	0.073501	207	2792.078661	2790.349720	487.878	1	2	44	0	nan	5208.000000	0	0	nan	nan	nan	nan	nan	0.985379	0.983162	1	18.5358	133.319	1.4292	2	1396.176665	1397.693067	0.929731	0.929731	0
73	../workspaces-FLASHApp/demo_aqpz/flashdeconv/input-files/mzML-files/example_spectrum_aqpz.mzML	1	nan	0	0.073501	207	2813.218274	2811.489332	205.438	1	1	20	0	nan	5208.000000	0	0	nan	nan	nan	nan	nan	0.959679	0.959679	1	6.57973	6.57973	0.902955	1	2812.481758	2815.525435	0.891881	0.891881	0.00970874
74	../workspaces-FLASHApp/demo_aqpz/flashdeconv/input-files/mzML-files/example_spectrum_aqpz.mzML	1	nan	0	0.073501	207	2863.141206	2861.384798	646.48	1	2	46	0	nan	5208.000000	0	0	nan	nan	nan	nan	nan	0.981211	0.918793	1	5.7024	10.5142	0.663062	2	1431.691821	1433.211791	0.920496	0.920496	0
75	../workspaces-FLASHApp/demo_aqpz/flashdeconv/input-files/mzML-files/example_spectrum_aqpz.mzML	1	nan	2	0.073501	207	2867.277024	2865.509146	261.84	1	1	22	0	nan	5208.000000	0	0	nan	nan	nan	nan	nan	0.906292	0.906292	1	2.6618	2.6618	0.937967	1	2866.496798	2871.533860	0.699146	0.699146	0
76	../workspaces-FLASHApp/demo_aqpz/flashdeconv/input-files/mzML-files/example_spectrum_aqpz.mzML	1	nan	0	0.073501	207	2881.180547	2879.412669	182.258	1	1	15	0	nan	5208.000000	0	0	nan	nan	nan	nan	nan	0.914207	0.914207	1	1.49019	1.49019	0.755673	1	2880.401339	2882.445751	0.725275	0.725275	0.0579543
77	../workspaces-FLASHApp/demo_aqpz/flashdeconv/input-files/mzML-files/example_spectrum_aqpz.mzML	1	nan	0	0.073501	207	2882.283137	2880.515259	175.267	1	1	15	0	nan	5208.000000	0	0	nan	nan	nan	nan	nan	0.914792	0.914792	1	1.77759	1.77759	0.857337	1	2881.501200	2883.546784	0.728095	0.728095	0.0579543
78	../workspaces-FLASHApp/demo_aqpz/flashdeconv/input-files/mzML-files/example_spectrum_aqpz.mzML	1	nan	0	0.073501	207	2920.202029	2918.406703	186.287	1	1	15	0	nan	5208.000000	0	0	nan	nan	nan	nan	nan	0.920572	0.920572	1	8.28541	8.28541	0.432471	1	2919.396120	2921.435399	0.803990	0.803990	0.0281197
79	../workspaces-FLASHApp/demo_aqpz/flashdeconv/input-files/mzML-files/example_spectrum_aqpz.mzML	1	nan	0	0.073501	207	2937.225357	2935.430032	433.179	1	1	25	0	nan	5208.000000	0	0	nan	nan	nan	nan	nan	0.996189	0.996189	1	13.0611	13.0611	0.896403	1	2936.421031	2940.461876	0.952389	0.952389	0
80	../workspaces-FLASHApp/demo_aqpz/flashdeconv/input-files/mzML-files/example_spectrum_aqpz.mzML	1	nan	0	0.073501	207	3011.318206	3009.484255	202.648	1	2	25	0	nan	5208.000000	0	0	nan	nan	nan	nan	nan	0.953449	0.722049	1	5.80944	5.18833	0.803961	2	1505.744361	1506.257049	0.837005	0.837005	0.00970874
81	../workspaces-FLASHApp/demo_aqpz/flashdeconv/input-files/mzML-files/example_spectrum_aqpz.mzML	1	nan	0	0.073501	207	3039.335267	3037.481076	1939.86	1	2	65	0	nan	5208.000000	0	0	nan	nan	nan	nan	nan	0.997192	0.991427	1	33.9263	12.6066	0.691154	2	1519.739093	1521.763807	0.964039	0.964039	0
82	../workspaces-FLASHApp/demo_aqpz/flashdeconv/input-files/mzML-files/example_spectrum_aqpz.mzML	1	nan	0	0.073501	207	3067.355588	3065.474361	1707.9	1	2	64	0	nan	5208.000000	0	0	nan	nan	nan	nan	nan	0.99616	0.993417	1	14.1799	11.4831	0.604147	1	3066.458924	3071.518155	0.955809	0.955809	0
83	../workspaces-FLASHApp/demo_aqpz/flashdeconv/input-files/mzML-files/example_spectrum_aqpz.mzML	1	nan	0	0.073501	207	3193.704722	3191.735162	860.94	2	2	35	0	nan	5208.000000	0	0	nan	nan	nan	nan	nan	0.992787	0.992787	1	2.53237	11.0062	0.544462	2	1596.861848	1598.890668	0.933152	0.933152	0
84	../workspaces-FLASHApp/demo_aqpz/flashdeconv/input-files/mzML-files/example_spectrum_aqpz.mzML	1	nan	0	0.073501	207	3265.591382	3263.572751	249.875	1	1	20	0	nan	5208.000000	0	0	nan	nan	nan	nan	nan	0.961022	0.961022	1	12.3386	12.3386	0.664416	1	3264.556579	3267.610114	0.907907	0.907907	0.00970874
85	../workspaces-FLASHApp/demo_aqpz/flashdeconv/input-files/mzML-files/example_spectrum_aqpz.mzML	1	nan	0	0.073501	207	3292.831104	3290.800641	286.823	2	2	25	0	nan	5208.000000	0	0	nan	nan	nan	nan	nan	0.952227	0.952227	1	0.957697	15.4053	0.314896	2	1646.397903	1647.923426	0.838215	0.838215	0.00970874
86	../workspaces-FLASHApp/demo_aqpz/flashdeconv/input-files/mzML-files/example_spectrum_aqpz.mzML	1	nan	0	0.073501	207	3293.597779	3291.567316	347.221	1	1	18	0	nan	5208.000000	0	0	nan	nan	nan	nan	nan	0.964438	0.964438	1	15.1934	15.1934	0.171201	1	3292.551690	3295.599740	0.923238	0.923238	0
87	../workspaces-FLASHApp/demo_aqpz/flashdeconv/input-files/mzML-files/example_spectrum_aqpz.mzML	1	nan	0	0.073501	207	3391.952168	3389.868063	209.001	2	2	18	0	nan	5208.000000	0	0	nan	nan	nan	nan	nan	0.900778	0.900778	1	7.50496	7.50496	0.287316	2	1696.431572	1697.454987	0.732024	0.732024	0.0579543
88	../workspaces-FLASHApp/demo_aqpz/flashdeconv/input-files/mzML-files/example_spectrum_aqpz.mzML	1	nan	0	0.073501	207	3406.734083	3404.649978	222.028	2	2	23	0	nan	5208.000000	0	0	nan	nan	nan	nan	nan	0.871362	0.871362	1	7.03638	7.03637	1.14016	2	1703.823385	1705.842784	0.554467	0.554467	0.166024
89	../workspaces-FLASHApp/demo_aqpz/flashdeconv/input-files/mzML-files/example_spectrum_aqpz.mzML	1	nan	0	0.073501	207	3548.932076	3546.761755	316.411	1	2	29	0	nan	5208.000000	0	0	nan	nan	nan	nan	nan	0.925985	0.916082	1	5.33027	4.82015	0.147121	2	1774.878351	1776.403967	0.817151	0.817151	0.0281197
90	../workspaces-FLASHApp/demo_aqpz/flashdeconv/input-files/mzML-files/example_spectrum_aqpz.mzML	1	nan	0	0.073501	207	3576.941849	3574.755485	356.237	1	2	34	0	nan	5208.000000	0	0	nan	nan	nan	nan	nan	0.943573	0.95667	1	4.9561	4.16127	0.254315	2	1788.375160	1790.398584	0.867076	0.867076	0.00970874
91	../workspaces-FLASHApp/demo_aqpz/flashdeconv/input-files/mzML-files/example_spectrum_aqpz.mzML	1	nan	0	0.073501	207	3578.132299	3575.945935	369.245	2	2	30	0	nan	5208.000000	0	0	nan	nan	nan	nan	nan	0.980026	0.980026	1	4.16524	4.16524	0.676427	2	1788.967027	1790.995948	0.924687	0.924687	0
92	../workspaces-FLASHApp/demo_aqpz/flashdeconv/input-files/mzML-files/example_spectrum_aqpz.mzML	1	nan	0	0.073501	207	3725.285688	3723.011908	339.825	2	2	26	0	nan	5208.000000	0	0	nan	nan	nan	nan	nan	0.94997	0.94997	1	29.3618	29.3618	0.300857	2	1862.501077	1864.031358	0.906958	0.906958	0.00970874
93	../workspaces-FLASHApp/demo_aqpz/flashdeconv/input-files/mzML-files/example_spectrum_aqpz.mzML	1	nan	0	0.073501	207	3872.434548	3870.084839	479.709	2	2	30	0	nan	5208.000000	0	0	nan	nan	nan	nan	nan	0.981651	0.981651	1	23.7483	23.7483	0.719907	2	1936.043250	1938.069586	0.944200	0.944200	0
94	../workspaces-FLASHApp/demo_aqpz/flashdeconv/input-files/mzML-files/example_spectrum_aqpz.mzML	1	nan	0	0.073501	207	3980.413994	3977.980391	202.134	2	2	22	0	nan	5208.000000	0	0	nan	nan	nan	nan	nan	0.943902	0.943902	1	32.9275	32.9275	0.788274	2	1990.490451	1992.012542	0.889023	0.889023	0.00970874
95	../workspaces-FLASHApp/demo_aqpz/flashdeconv/input-files/mzML-files/example_spectrum_aqpz.mzML	1	nan	0	0.073501	207	4008.508381	4005.976910	139.661	2	2	16	0	nan	5208.000000	0	0	nan	nan	nan	nan	nan	0.883766	0.883766	1	20.5143	20.5143	0.610285	2	2004.486403	2005.508108	0.681806	0.681806	0.0867654
96	../workspaces-FLASHApp/demo_aqpz/flashdeconv/input-files/mzML-files/example_spectrum_aqpz.mzML	1	nan	0	0.073501	207	4058.722867	4056.163354	542.071	2	2	35	0	nan	5208.000000	0	0	nan	nan	nan	nan	nan	0.993949	0.993949	1	25.5424	25.5424	0.642105	2	2029.072906	2031.605254	0.957500	0.957500	0
97	../workspaces-FLASHApp/demo_aqpz/flashdeconv/input-files/mzML-files/example_spectrum_aqpz.mzML	1	nan	0	0.073501	207	4171.886640	4169.252475	214.649	2	2	22	0	nan	5208.000000	0	0	nan	nan	nan	nan	nan	0.903547	0.903547	1	24.5041	24.5041	0.3619	2	2085.622205	2087.152994	0.778330	0.778330	0.0427997
98	../workspaces-FLASHApp/demo_aqpz/flashdeconv/input-files/mzML-files/example_spectrum_aqpz.mzML	1	nan	0	0.073501	207	4281.966138	4279.280719	254.384	2	2	28	0	nan	5208.000000	0	0	nan	nan	nan	nan	nan	0.946981	0.946981	1	38.8214	38.8214	0.631094	2	2141.135234	2143.162670	0.900656	0.900656	0.00970874
99	../workspaces-FLASHApp/demo_aqpz/flashdeconv/input-files/mzML-files/example_spectrum_aqpz.mzML	1	nan	0	0.073501	207	4300.006954	4297.307856	968.7	2	2	40	0	nan	5208.000000	0	0	nan	nan	nan	nan	nan	0.995901	0.995901	1	12.8581	12.8581	0.420529	2	2149.646223	2152.679981	0.955824	0.955824	0
100	../workspaces-FLASHApp/demo_aqpz/flashdeconv/input-files/mzML-files/example_spectrum_aqpz.mzML	1	nan	0	0.073501	207	4613.337044	4610.465572	140.521	2	2	17	0	nan	5208.000000	0	0	nan	nan	nan	nan	nan	0.860011	0.860011	1	6.96715	6.96715	0.336242	2	2306.725739	2307.757057	0.531364	0.531364	0.170941
101	../workspaces-FLASHApp/demo_aqpz/flashdeconv/input-files/mzML-files/example_spectrum_aqpz.mzML	1	nan	0	0.073501	207	4913.656992	4910.593954	289.558	2	2	27	0	nan	5208.000000	0	0	nan	nan	nan	nan	nan	0.976056	0.976056	1	28.0559	28.0559	0.364157	2	2456.789732	2458.826419	0.943011	0.943011	0
102	../workspaces-FLASHApp/demo_aqpz/flashdeconv/input-files/mzML-files/example_spectrum_aqpz.mzML	1	nan	0	0.073501	207	5732.577293	5729.022156	340.363	2	2	29	0	nan	5208.000000	0	0	nan	nan	nan	nan	nan	0.869727	0.869727	1	7.07976	7.07976	0.970783	2	2866.005644	2870.539971	0.553888	0.553888	0.166024
103	../workspaces-FLASHApp/demo_aqpz/flashdeconv/input-files/mzML-files/example_spectrum_aqpz.mzML	1	nan	0	0.073501	207	5840.765760	5837.158674	253.433	3	3	29	0	nan	5208.000000	0	0	nan	nan	nan	nan	nan	0.957239	0.957239	1	10.5942	10.5942	0.237943	3	1947.051883	1948.407161	0.905561	0.905561	0.00970874
104	../workspaces-FLASHApp/demo_aqpz/flashdeconv/input-files/mzML-files/example_spectrum_aqpz.mzML	1	nan	0	0.073501	207	5844.575677	5840.952269	317.555	3	3	34	0	nan	5208.000000	0	0	nan	nan	nan	nan	nan	0.856252	0.856252	1	5.68209	6.20236	0.267475	3	1947.979026	1950.008822	0.505089	0.505089	0.177481
105	../workspaces-FLASHApp/demo_aqpz/flashdeconv/input-files/mzML-files/example_spectrum_aqpz.mzML	1	nan	0	0.073501	207	6055.950131	6052.214299	337.465	2	3	37	0	nan	5208.000000	0	0	nan	nan	nan	nan	nan	0.923225	0.83014	1	14.6431	13.8538	0.929904	3	2019.071376	2020.093491	0.792156	0.792156	0.0365461
106	../workspaces-FLASHApp/demo_aqpz/flashdeconv/input-files/mzML-files/example_spectrum_aqpz.mzML	1	nan	0	0.073501	207	6154.036409	6150.246679	331.996	2	3	35	0	nan	5208.000000	0	0	nan	nan	nan	nan	nan	0.917047	0.883798	1	6.65553	5.62802	0.769814	2	3077.115544	3078.653965	0.768526	0.768526	0.0427997
107	../workspaces-FLASHApp/demo_aqpz/flashdeconv/input-files/mzML-files/example_spectrum_aqpz.mzML	1	nan	0	0.073501	207	6326.089455	6322.200004	324.408	2	2	28	0	nan	5208.000000	0	0	nan	nan	nan	nan	nan	0.958641	0.958641	1	27.9336	27.9336	0.373145	2	3162.587460	3165.129577	0.919622	0.919622	0
108	../workspaces-FLASHApp/demo_aqpz/flashdeconv/input-files/mzML-files/example_spectrum_aqpz.mzML	1	nan	0	0.073501	207	6851.900128	6847.596935	1352.53	2	3	73	0	nan	5208.000000	0	0	nan	nan	nan	nan	nan	0.982224	0.967854	1	22.3413	18.2153	0.57333	3	2283.861129	2285.893849	0.945301	0.945301	0
109	../workspaces-FLASHApp/demo_aqpz/flashdeconv/input-files/mzML-files/example_spectrum_aqpz.mzML	1	nan	0	0.073501	207	6868.927320	6864.612351	5834.67	2	3	97	0	nan	5208.000000	0	0	nan	nan	nan	nan	nan	0.997366	0.997231	1	45.1931	54.8212	0.528351	3	2289.194697	2292.567762	0.964331	0.964331	0
110	../workspaces-FLASHApp/demo_aqpz/flashdeconv/input-files/mzML-files/example_spectrum_aqpz.mzML	1	nan	0	0.073501	207	6982.073186	6977.704321	1040.16	2	3	49	0	nan	5208.000000	0	0	nan	nan	nan	nan	nan	0.973534	0.9589	1	24.7318	62.9611	0.633285	3	2327.227829	2329.265425	0.930195	0.930195	0
111	../workspaces-FLASHApp/demo_aqpz/flashdeconv/input-files/mzML-files/example_spectrum_aqpz.mzML	1	nan	0	0.073501	207	7069.169248	7064.740227	2434.84	3	3	50	0	nan	5208.000000	0	0	nan	nan	nan	nan	nan	0.983325	0.983325	1	1.49541	37.313	0.321674	3	2356.237388	2358.944029	0.908700	0.908700	0.00970874
112	../workspaces-FLASHApp/demo_aqpz/flashdeconv/input-files/mzML-files/example_spectrum_aqpz.mzML	1	nan	0	0.073501	207	7165.263714	7160.795219	463.426	2	3	42	0	nan	5208.000000	0	0	nan	nan	nan	nan	nan	0.894536	0.948086	1	11.4513	14.3711	0.76238	3	2388.591398	2391.292238	0.715576	0.715576	0.0723334
113	../workspaces-FLASHApp/demo_aqpz/flashdeconv/input-files/mzML-files/example_spectrum_aqpz.mzML	1	nan	1	0.073501	207	7165.230526	7161.000473	10.0497	3	3	4	0	nan	5208.000000	0	0	nan	nan	nan	nan	nan	0.872556	0.872556	1	0.859973	0.859973	3.49212	3	2388.632915	2389.588098	0.386371	0.386371	0
114	../workspaces-FLASHApp/demo_aqpz/flashdeconv/input-files/mzML-files/example_spectrum_aqpz.mzML	1	nan	0	0.073501	207	7182.302183	7177.820030	3519.14	3	3	64	0	nan	5208.000000	0	0	nan	nan	nan	nan	nan	0.998577	0.998577	1	31.4632	31.4632	0.731415	3	2393.595026	2397.305891	0.962083	0.962083	0
115	../workspaces-FLASHApp/demo_aqpz/flashdeconv/input-files/mzML-files/example_spectrum_aqpz.mzML	1	nan	1	0.073501	207	7182.315832	7178.072850	141.476	3	3	9	0	nan	5208.000000	0	0	nan	nan	nan	nan	nan	0.854924	0.854924	1	0.934915	0.934915	4.65882	3	2394.311148	2395.922944	0.261100	0.261100	0
116	../workspaces-FLASHApp/demo_aqpz/flashdeconv/input-files/mzML-files/example_spectrum_aqpz.mzML	1	nan	0	0.073501	207	7278.424463	7273.880032	306.082	3	3	32	0	nan	5208.000000	0	0	nan	nan	nan	nan	nan	0.911896	0.911896	1	14.9365	14.9365	0.750852	3	2426.285598	2429.313210	0.781078	0.781078	0.0427997
117	../workspaces-FLASHApp/demo_aqpz/flashdeconv/input-files/mzML-files/example_spectrum_aqpz.mzML	1	nan	1	0.073501	207	7294.429902	7290.116959	100.483	3	3	9	0	nan	5208.000000	0	0	nan	nan	nan	nan	nan	0.887301	0.887301	1	1.86217	1.86217	4.57538	3	2431.664042	2432.958641	0.432936	0.432936	0
118	../workspaces-FLASHApp/demo_aqpz/flashdeconv/input-files/mzML-files/example_spectrum_aqpz.mzML	1	nan	0	0.073501	207	7295.462658	7290.906600	2265.42	2	3	54	0	nan	5208.000000	0	0	nan	nan	nan	nan	nan	0.993979	0.993344	1	27.9112	26.0922	0.221205	3	2431.628506	2434.331497	0.961310	0.961310	0
119	../workspaces-FLASHApp/demo_aqpz/flashdeconv/input-files/mzML-files/example_spectrum_aqpz.mzML	1	nan	0	0.073501	207	7415.552832	7410.946006	630.225	3	3	37	0	nan	5208.000000	0	0	nan	nan	nan	nan	nan	0.944296	0.944296	1	0.329718	12.1161	1.35001	3	2471.973843	2475.320972	0.769078	0.769078	0.0427997
120	../workspaces-FLASHApp/demo_aqpz/flashdeconv/input-files/mzML-files/example_spectrum_aqpz.mzML	1	nan	0	0.073501	207	7432.584293	7427.961551	4239.75	3	3	59	0	nan	5208.000000	0	0	nan	nan	nan	nan	nan	0.998091	0.998091	1	68.5645	129.488	0.353279	3	2476.978820	2480.350767	0.967336	0.967336	0
121	../workspaces-FLASHApp/demo_aqpz/flashdeconv/input-files/mzML-files/example_spectrum_aqpz.mzML	1	nan	0	0.073501	207	7528.734266	7524.026387	301.028	3	3	31	0	nan	5208.000000	0	0	nan	nan	nan	nan	nan	0.927261	0.927261	1	7.20184	7.20184	0.431512	3	2509.668702	2511.704359	0.821870	0.821870	0.0281197
122	../workspaces-FLASHApp/demo_aqpz/flashdeconv/input-files/mzML-files/example_spectrum_aqpz.mzML	1	nan	0	0.073501	207	7545.768406	7541.048646	1941.09	3	3	47	0	nan	5208.000000	0	0	nan	nan	nan	nan	nan	0.993282	0.993282	1	42.5104	42.5104	0.415813	3	2515.005440	2517.713890	0.962138	0.962138	0
123	../workspaces-FLASHApp/demo_aqpz/flashdeconv/input-files/mzML-files/example_spectrum_aqpz.mzML	1	nan	0	0.073501	207	7618.650856	7613.890991	547.71	2	3	51	0	nan	5208.000000	0	0	nan	nan	nan	nan	nan	0.938183	0.923137	1	13.7841	11.0664	0.628629	2	3808.928829	3811.479922	0.861327	0.861327	0.00970874
124	../workspaces-FLASHApp/demo_aqpz/flashdeconv/input-files/mzML-files/example_spectrum_aqpz.mzML	1	nan	0	0.073501	207	7658.904050	7654.127837	807.86	3	3	36	0	nan	5208.000000	0	0	nan	nan	nan	nan	nan	0.976341	0.976341	1	27.2881	27.2881	0.560351	3	2553.034981	2555.070053	0.941099	0.941099	0
125	../workspaces-FLASHApp/demo_aqpz/flashdeconv/input-files/mzML-files/example_spectrum_aqpz.mzML	1	nan	0	0.073501	207	7742.985371	7738.148279	183.707	3	3	19	0	nan	5208.000000	0	0	nan	nan	nan	nan	nan	0.868291	0.868291	1	3.34805	3.34805	0.52858	3	2581.375736	2582.409955	0.537627	0.537627	0.170941
126	../workspaces-FLASHApp/demo_aqpz/flashdeconv/input-files/mzML-files/example_spectrum_aqpz.mzML	1	nan	0	0.073501	207	7760.015178	7755.178085	1167.44	3	3	48	0	nan	5208.000000	0	0	nan	nan	nan	nan	nan	0.994844	0.994844	1	38.257	38.257	0.423184	3	2586.381521	2589.088983	0.962579	0.962579	0
127	../workspaces-FLASHApp/demo_aqpz/flashdeconv/input-files/mzML-files/example_spectrum_aqpz.mzML	1	nan	0	0.073501	207	7873.167385	7868.264332	712.132	3	3	35	0	nan	5208.000000	0	0	nan	nan	nan	nan	nan	0.973437	0.973437	1	11.5858	11.5858	0.650872	3	2624.413339	2626.454582	0.926982	0.926982	0
128	../workspaces-FLASHApp/demo_aqpz/flashdeconv/input-files/mzML-files/example_spectrum_aqpz.mzML	1	nan	0	0.073501	207	7944.244592	7939.292755	587.648	3	3	33	0	nan	5208.000000	0	0	nan	nan	nan	nan	nan	0.949637	0.949637	1	22.6458	22.6458	0.422235	3	2648.088728	2649.793806	0.900318	0.900318	0.00970874
129	../workspaces-FLASHApp/demo_aqpz/flashdeconv/input-files/mzML-files/example_spectrum_aqpz.mzML	1	nan	0	0.073501	207	8097.418947	8092.387788	249.238	3	3	25	0	nan	5208.000000	0	0	nan	nan	nan	nan	nan	0.911705	0.911705	1	9.40725	9.40725	0.666495	3	2699.450879	2700.823074	0.769115	0.769115	0.0427997
130	../workspaces-FLASHApp/demo_aqpz/flashdeconv/input-files/mzML-files/example_spectrum_aqpz.mzML	1	nan	0	0.073501	207	8114.432645	8109.401486	1113.06	3	3	40	0	nan	5208.000000	0	0	nan	nan	nan	nan	nan	0.988438	0.988438	1	21.7733	21.7733	0.546885	3	2704.795855	2707.165365	0.952006	0.952006	0
131	../workspaces-FLASHApp/demo_aqpz/flashdeconv/input-files/mzML-files/example_spectrum_aqpz.mzML	1	nan	0	0.073501	207	8115.383078	8110.351919	1162.07	3	4	66	0	nan	5208.000000	0	0	nan	nan	nan	nan	nan	0.921453	0.644485	1	3.64238	5.55364	1.39402	4	2029.078323	2031.605254	0.663828	0.663828	0.0930265
132	../workspaces-FLASHApp/demo_aqpz/flashdeconv/input-files/mzML-files/example_spectrum_aqpz.mzML	1	nan	0	0.073501	207	8227.592075	8222.487077	297.859	3	3	25	0	nan	5208.000000	0	0	nan	nan	nan	nan	nan	0.912859	0.912859	1	15.1422	15.1422	0.731332	3	2742.820938	2744.183735	0.785535	0.785535	0.0365461
133	../workspaces-FLASHApp/demo_aqpz/flashdeconv/input-files/mzML-files/example_spectrum_aqpz.mzML	1	nan	0	0.073501	207	8269.768135	8264.637384	370.351	3	3	29	0	nan	5208.000000	0	0	nan	nan	nan	nan	nan	0.8806	0.8806	1	5.64424	5.64424	1.74443	3	2755.877230	2760.247185	0.566251	0.566251	0.166024
134	../workspaces-FLASHApp/demo_aqpz/flashdeconv/input-files/mzML-files/example_spectrum_aqpz.mzML	1	nan	0	0.073501	207	8298.661609	8293.519198	233.944	3	3	20	0	nan	5208.000000	0	0	nan	nan	nan	nan	nan	0.874768	0.874768	1	10.1622	10.1622	0.768555	3	2766.498173	2767.533439	0.603560	0.603560	0.129647
135	../workspaces-FLASHApp/demo_aqpz/flashdeconv/input-files/mzML-files/example_spectrum_aqpz.mzML	1	nan	0	0.073501	207	8490.881871	8485.636113	326.794	3	3	31	0	nan	5208.000000	0	0	nan	nan	nan	nan	nan	0.90081	0.90081	1	13.0339	13.0339	0.454479	3	2830.532534	2832.577688	0.744423	0.744423	0.0503568
136	../workspaces-FLASHApp/demo_aqpz/flashdeconv/input-files/mzML-files/example_spectrum_aqpz.mzML	1	nan	2	0.073501	207	8491.884915	8486.639157	322.615	3	3	30	0	nan	5208.000000	0	0	nan	nan	nan	nan	nan	0.896902	0.896902	1	12.5583	12.5583	0.678417	3	2830.541460	2832.577688	0.718955	0.718955	0
137	../workspaces-FLASHApp/demo_aqpz/flashdeconv/input-files/mzML-files/example_spectrum_aqpz.mzML	1	nan	0	0.073501	207	8508.940200	8503.658304	2200.52	3	4	70	0	nan	5208.000000	0	0	nan	nan	nan	nan	nan	0.993231	0.996195	1	14.1541	10.732	0.617162	3	2835.877823	2839.248102	0.953596	0.953596	0
138	../workspaces-FLASHApp/demo_aqpz/flashdeconv/input-files/mzML-files/example_spectrum_aqpz.mzML	1	nan	1	0.073501	207	8510.948487	8505.948438	117.915	3	3	10	0	nan	5208.000000	0	0	nan	nan	nan	nan	nan	0.854739	0.854739	1	0.358388	0.358388	4.49854	3	2836.936466	2838.530860	0.253271	0.253271	0
139	../workspaces-FLASHApp/demo_aqpz/flashdeconv/input-files/mzML-files/example_spectrum_aqpz.mzML	1	nan	0	0.073501	207	8580.020378	8574.698285	638.599	3	3	40	0	nan	5208.000000	0	0	nan	nan	nan	nan	nan	0.932625	0.932625	1	17.6433	17.6433	0.741289	3	2859.885913	2862.934246	0.850623	0.850623	0.00970874
140	../workspaces-FLASHApp/demo_aqpz/flashdeconv/input-files/mzML-files/example_spectrum_aqpz.mzML	1	nan	0	0.073501	207	8784.227273	8778.789850	420.975	3	3	25	0	nan	5208.000000	0	0	nan	nan	nan	nan	nan	0.921701	0.921701	1	19.2743	19.2743	0.853661	3	2928.251579	2929.632715	0.818281	0.818281	0.0281197
141	../workspaces-FLASHApp/demo_aqpz/flashdeconv/input-files/mzML-files/example_spectrum_aqpz.mzML	1	nan	0	0.073501	207	8935.386444	8929.860140	792.736	3	3	35	0	nan	5208.000000	0	0	nan	nan	nan	nan	nan	0.96979	0.96979	1	30.8074	30.8074	0.613511	3	2978.276937	2980.320368	0.933739	0.933739	0
142	../workspaces-FLASHApp/demo_aqpz/flashdeconv/input-files/mzML-files/example_spectrum_aqpz.mzML	1	nan	0	0.073501	207	8952.415292	8946.877196	5012.38	3	5	114	0	nan	5208.000000	0	0	nan	nan	nan	nan	nan	0.998576	0.980551	1	26.0623	104.744	0.553963	4	2238.210920	2239.994460	0.956946	0.956946	0
143	../workspaces-FLASHApp/demo_aqpz/flashdeconv/input-files/mzML-files/example_spectrum_aqpz.mzML	1	nan	0	0.073501	207	9023.491687	9017.913791	1478.91	3	4	58	0	nan	5208.000000	0	0	nan	nan	nan	nan	nan	0.98513	0.989136	1	44.0866	26.007	0.724778	3	3007.292504	3010.667716	0.955154	0.955154	0
144	../workspaces-FLASHApp/demo_aqpz/flashdeconv/input-files/mzML-files/example_spectrum_aqpz.mzML	1	nan	0	0.073501	207	9170.649956	9164.983710	1360.37	3	3	49	0	nan	5208.000000	0	0	nan	nan	nan	nan	nan	0.989785	0.989785	1	18.9178	18.9178	0.628941	3	3056.649539	3059.696870	0.951461	0.951461	0
145	../workspaces-FLASHApp/demo_aqpz/flashdeconv/input-files/mzML-files/example_spectrum_aqpz.mzML	1	nan	0	0.073501	207	9298.819111	9293.076560	5647.97	2	4	121	0	nan	5208.000000	0	0	nan	nan	nan	nan	nan	0.997685	0.998109	1	66.3883	54.6414	0.851035	3	3099.019848	3103.057554	0.965957	0.965957	0
146	../workspaces-FLASHApp/demo_aqpz/flashdeconv/input-files/mzML-files/example_spectrum_aqpz.mzML	1	nan	0	0.073501	207	9415.000689	9409.097674	347.484	3	3	25	0	nan	5208.000000	0	0	nan	nan	nan	nan	nan	0.900307	0.900307	1	19.5372	19.5372	0.359434	3	3138.354856	3139.730870	0.759057	0.759057	0.0427997
147	../workspaces-FLASHApp/demo_aqpz/flashdeconv/input-files/mzML-files/example_spectrum_aqpz.mzML	1	nan	0	0.073501	207	9515.104910	9509.149844	498.354	3	3	31	0	nan	5208.000000	0	0	nan	nan	nan	nan	nan	0.950549	0.950549	1	22.7127	22.7127	1.29639	3	3171.704741	3174.088264	0.886972	0.886972	0.00970874
148	../workspaces-FLASHApp/demo_aqpz/flashdeconv/input-files/mzML-files/example_spectrum_aqpz.mzML	1	nan	0	0.073501	207	9585.191515	9579.187282	405.87	3	3	34	0	nan	5208.000000	0	0	nan	nan	nan	nan	nan	0.889858	0.889858	1	22.0777	22.0777	1.78305	3	3194.730047	3198.104152	0.665614	0.665614	0.0930265
149	../workspaces-FLASHApp/demo_aqpz/flashdeconv/input-files/mzML-files/example_spectrum_aqpz.mzML	1	nan	0	0.073501	207	9626.226618	9620.194189	471.747	3	3	35	0	nan	5208.000000	0	0	nan	nan	nan	nan	nan	0.968247	0.968247	1	31.6384	31.6384	1.59003	3	3208.721807	3212.107318	0.919745	0.919745	0
150	../workspaces-FLASHApp/demo_aqpz/flashdeconv/input-files/mzML-files/example_spectrum_aqpz.mzML	1	nan	0	0.073501	207	9643.239466	9637.207037	2523.21	3	4	91	0	nan	5208.000000	0	0	nan	nan	nan	nan	nan	0.993097	0.972271	1	59.0835	26.3812	0.444127	4	2411.042626	2412.825970	0.964947	0.964947	0
151	../workspaces-FLASHApp/demo_aqpz/flashdeconv/input-files/mzML-files/example_spectrum_aqpz.mzML	1	nan	0	0.073501	207	9665.242381	9659.198112	187.809	4	4	21	0	nan	5208.000000	0	0	nan	nan	nan	nan	nan	0.852049	0.852049	1	17.9553	17.9553	0.381438	4	2416.792919	2417.574800	0.528142	0.528142	0.170941
152	../workspaces-FLASHApp/demo_aqpz/flashdeconv/input-files/mzML-files/example_spectrum_aqpz.mzML	1	nan	0	0.073501	207	9763.354394	9757.246823	451.839	3	4	40	0	nan	5208.000000	0	0	nan	nan	nan	nan	nan	0.908738	0.884024	1	19.3456	19.2038	0.865352	3	3254.408983	3257.756861	0.767413	0.767413	0.0427997
153	../workspaces-FLASHApp/demo_aqpz/flashdeconv/input-files/mzML-files/example_spectrum_aqpz.mzML	1	nan	0	0.073501	207	9780.387559	9774.266176	2576.34	3	4	101	0	nan	5208.000000	0	0	nan	nan	nan	nan	nan	0.99481	0.991218	1	42.2239	22.8105	0.488644	3	3259.741593	3262.788373	0.964178	0.964178	0
154	../workspaces-FLASHApp/demo_aqpz/flashdeconv/input-files/mzML-files/example_spectrum_aqpz.mzML	1	nan	0	0.073501	207	9893.524049	9887.351021	1216.79	3	4	81	0	nan	5208.000000	0	0	nan	nan	nan	nan	nan	0.966912	0.967137	1	13.1844	24.4468	0.554574	3	3297.776304	3299.820196	0.916823	0.916823	0.00970874
155	../workspaces-FLASHApp/demo_aqpz/flashdeconv/input-files/mzML-files/example_spectrum_aqpz.mzML	1	nan	0	0.073501	207	10423.212904	10416.684829	403.338	4	4	37	0	nan	5208.000000	0	0	nan	nan	nan	nan	nan	0.924402	0.924402	1	29.5111	29.7123	0.532909	4	2605.667773	2607.450410	0.845109	0.845109	0.00970874
156	../workspaces-FLASHApp/demo_aqpz/flashdeconv/input-files/mzML-files/example_spectrum_aqpz.mzML	1	nan	1	0.073501	207	10582.288206	10576.033269	479.17	3	4	36	0	nan	5208.000000	0	0	nan	nan	nan	nan	nan	0.912241	0.723499	1	2.18099	3.67409	3.43874	4	2645.707609	2646.457920	0.542429	0.542429	0
157	../workspaces-FLASHApp/demo_aqpz/flashdeconv/input-files/mzML-files/example_spectrum_aqpz.mzML	1	nan	0	0.073501	207	10694.514614	10687.833046	309.128	4	4	26	0	nan	5208.000000	0	0	nan	nan	nan	nan	nan	0.884588	0.884588	1	18.5384	18.5384	0.428464	4	2673.953571	2674.986524	0.688826	0.688826	0.0867158
158	../workspaces-FLASHApp/demo_aqpz/flashdeconv/input-files/mzML-files/example_spectrum_aqpz.mzML	1	nan	0	0.073501	207	11094.732614	11087.821705	1211.76	3	4	67	0	nan	5208.000000	0	0	nan	nan	nan	nan	nan	0.983117	0.985163	1	33.1308	24.4176	0.782587	3	3697.594629	3700.968664	0.949494	0.949494	0
159	../workspaces-FLASHApp/demo_aqpz/flashdeconv/input-files/mzML-files/example_spectrum_aqpz.mzML	1	nan	0	0.073501	207	11121.734315	11114.811768	2655.81	3	4	112	0	nan	5208.000000	0	0	nan	nan	nan	nan	nan	0.967094	0.888256	1	27.8013	22.9119	0.60471	4	2779.698035	2782.479832	0.921821	0.921821	0
160	../workspaces-FLASHApp/demo_aqpz/flashdeconv/input-files/mzML-files/example_spectrum_aqpz.mzML	1	nan	0	0.073501	207	11135.010857	11128.088310	353.9	4	4	29	0	nan	5208.000000	0	0	nan	nan	nan	nan	nan	0.920889	0.920889	1	12.1156	12.1156	0.715331	4	2784.020307	2785.300658	0.807081	0.807081	0.0281197
161	../workspaces-FLASHApp/demo_aqpz/flashdeconv/input-files/mzML-files/example_spectrum_aqpz.mzML	1	nan	2	0.073501	207	11142.720961	11135.798414	986.389	3	5	86	0	nan	5208.000000	0	0	nan	nan	nan	nan	nan	0.9569	0.924437	1	47.4903	26.351	0.707346	4	2785.196106	2787.480154	0.919164	0.919164	0
162	../workspaces-FLASHApp/demo_aqpz/flashdeconv/input-files/mzML-files/example_spectrum_aqpz.mzML	1	nan	0	0.073501	207	11143.723332	11136.800784	986.389	3	5	86	0	nan	5208.000000	0	0	nan	nan	nan	nan	nan	0.959356	0.88259	1	39.9595	17.8735	0.707346	3	3714.591603	3716.632128	0.916807	0.916807	0.00970874
163	../workspaces-FLASHApp/demo_aqpz/flashdeconv/input-files/mzML-files/example_spectrum_aqpz.mzML	1	nan	0	0.073501	207	12211.267023	12203.626658	1309.14	4	4	50	0	nan	5208.000000	0	0	nan	nan	nan	nan	nan	0.985194	0.985194	1	15.1488	15.1488	0.667657	4	3052.646824	3054.937415	0.944405	0.944405	0
164	../workspaces-FLASHApp/demo_aqpz/flashdeconv/input-files/mzML-files/example_spectrum_aqpz.mzML	1	nan	0	0.073501	207	12298.357894	12290.664110	332.039	4	4	30	0	nan	5208.000000	0	0	nan	nan	nan	nan	nan	0.886848	0.886848	1	19.8121	19.8121	0.869893	4	3074.901031	3076.447905	0.684193	0.684193	0.0867158
165	../workspaces-FLASHApp/demo_aqpz/flashdeconv/input-files/mzML-files/example_spectrum_aqpz.mzML	1	nan	0	0.073501	207	13600.640546	13592.184731	700.572	3	4	47	0	nan	5208.000000	0	0	nan	nan	nan	nan	nan	0.921064	0.901549	1	34.2505	13.5481	0.794878	3	4533.371991	4535.435175	0.838081	0.838081	0.00970874
166	../workspaces-FLASHApp/demo_aqpz/flashdeconv/input-files/mzML-files/example_spectrum_aqpz.mzML	1	nan	0	0.073501	207	13618.657422	13610.201607	3707.19	3	5	150	0	nan	5208.000000	0	0	nan	nan	nan	nan	nan	0.991195	0.969076	1	295.387	81.3279	0.624806	5	2723.435056	2725.871284	0.972820	0.972820	0
167	../workspaces-FLASHApp/demo_aqpz/flashdeconv/input-files/mzML-files/example_spectrum_aqpz.mzML	1	nan	1	0.073501	207	13619.763662	13611.759056	237.569	3	5	29	0	nan	5208.000000	0	0	nan	nan	nan	nan	nan	0.888789	0.763472	1	4.68523	2.93826	4.1098	5	2724.479958	2725.086951	0.453930	0.453930	0
168	../workspaces-FLASHApp/demo_aqpz/flashdeconv/input-files/mzML-files/example_spectrum_aqpz.mzML	1	nan	0	0.073501	207	13640.657940	13632.188531	761.324	4	5	68	0	nan	5208.000000	0	0	nan	nan	nan	nan	nan	0.961126	0.93586	1	69.1438	46.5519	0.594532	5	2728.429041	2729.865664	0.931306	0.931306	0
169	../workspaces-FLASHApp/demo_aqpz/flashdeconv/input-files/mzML-files/example_spectrum_aqpz.mzML	1	nan	0	0.073501	207	14224.334162	14215.479701	332.294	5	5	35	0	nan	5208.000000	0	0	nan	nan	nan	nan	nan	0.875486	0.875486	1	22.8112	22.8112	0.772114	5	2845.085785	2846.525515	0.640426	0.640426	0.107365
170	../workspaces-FLASHApp/demo_aqpz/flashdeconv/input-files/mzML-files/example_spectrum_aqpz.mzML	1	nan	1	0.073501	207	24697.369642	24682.816328	1272.98	6	8	109	0	nan	5208.000000	0	0	nan	nan	nan	nan	nan	0.916335	0.883645	1	21.0859	13.6579	2.74308	7	3528.596424	3530.909038	0.739498	0.739498	0
171	../workspaces-FLASHApp/demo_aqpz/flashdeconv/input-files/mzML-files/example_spectrum_aqpz.mzML	1	nan	0	0.073501	207	24715.400959	24700.013159	9947.49	4	9	524	0	nan	5208.000000	0	0	nan	nan	nan	nan	nan	0.892594	0.826497	0.976249	22.7376	23.9006	0.614024	6	4118.480569	4122.384178	0.703208	0.703208	0.0723334
172	../workspaces-FLASHApp/demo_aqpz/flashdeconv/input-files/mzML-files/example_spectrum_aqpz.mzML	1	nan	0	0.073501	207	24739.428032	24724.028580	16181.1	4	10	529	0	nan	5208.000000	0	0	nan	nan	nan	nan	nan	0.95104	0.940384	1	22.3065	70.9874	0.678484	8	3091.991247	3095.040563	0.888826	0.888826	0.00970874
173	../workspaces-FLASHApp/demo_aqpz/flashdeconv/input-files/mzML-files/example_spectrum_aqpz.mzML	1	nan	1	0.073501	207	24739.095051	24724.517326	247.589	4	6	42	0	nan	5208.000000	0	0	nan	nan	nan	nan	nan	0.880682	0.852344	1	0.422571	11.8674	3.31899	5	4948.167983	4950.066577	0.372786	0.372786	0
174	../workspaces-FLASHApp/demo_aqpz/flashdeconv/input-files/mzML-files/example_spectrum_aqpz.mzML	1	nan	0	0.073501	207	24741.409866	24726.010413	2266.87	4	6	131	0	nan	5208.000000	0	0	nan	nan	nan	nan	nan	0.977186	0.961202	1	70.7104	37.276	0.620229	6	4122.823486	4126.041982	0.951502	0.951502	0
175	../workspaces-FLASHApp/demo_aqpz/flashdeconv/input-files/mzML-files/example_spectrum_aqpz.mzML	1	nan	0	0.073501	207	24761.450915	24746.028933	10186.8	6	9	359	0	nan	5208.000000	0	0	nan	nan	nan	nan	nan	0.968414	0.691717	1	17.143	10.5595	0.675609	6	4125.994855	4128.540875	0.892612	0.892612	0.00970874
176	../workspaces-FLASHApp/demo_aqpz/flashdeconv/input-files/mzML-files/example_spectrum_aqpz.mzML	1	nan	1	0.073501	207	24784.455407	24769.842988	2232.33	7	10	156	0	nan	5208.000000	0	0	nan	nan	nan	nan	nan	0.914096	0.802378	1	12.5341	12.0761	2.69594	7	3540.890789	3541.877613	0.682516	0.682516	0
